age,attendance_percent,avg_marks,prev_failures,parents_education,family_income,extracurricular,behavior_issues,dropout
22,95.7,53.4,0,5,3,4,2,0
19,75.0,41.9,0,3,1,2,1,0
23,68.9,33.1,0,0,2,3,3,0
20,77.5,85.7,1,3,2,2,1,1
22,96.8,71.2,0,5,1,2,0,0
25,82.0,100.0,0,6,4,5,1,0
18,58.9,50.0,0,2,3,0,1,1
22,87.0,70.0,3,2,0,2,1,1
23,66.1,42.1,1,4,4,9,4,0
20,47.7,58.1,1,5,1,0,1,0
19,100.0,65.6,2,4,2,4,1,0
23,86.9,62.5,0,4,2,3,0,0
23,78.8,71.1,0,4,0,0,0,1
18,74.8,89.4,0,2,3,1,1,0
21,100.0,87.3,1,3,3,1,1,0
20,100.0,54.6,0,2,3,4,0,0
17,86.7,69.4,0,5,1,3,0,0
23,64.6,85.9,0,1,1,4,1,0
21,77.7,90.7,0,4,1,2,2,1
17,86.5,56.8,0,2,5,5,1,0
20,44.8,84.2,3,3,0,2,1,0
16,85.0,76.6,1,2,2,0,0,0
25,86.5,48.7,2,3,4,2,1,0
21,99.9,86.0,3,2,3,2,1,0
24,98.3,73.0,0,5,4,4,0,1
16,81.7,35.2,0,3,5,4,1,0
25,100.0,64.1,1,4,2,1,1,0
18,100.0,70.8,2,3,2,5,0,0
22,80.4,57.9,0,3,0,3,1,0
19,86.3,94.6,3,3,1,0,1,0
24,53.5,95.3,0,6,2,6,2,0
18,58.2,62.4,0,3,1,2,0,0
20,67.4,60.2,1,2,3,5,2,0
18,73.3,67.4,0,6,0,2,0,0
22,63.6,66.0,0,2,1,4,0,0
20,79.5,58.1,0,5,3,6,1,0
24,73.8,20.0,0,2,1,4,1,0
22,96.1,100.0,1,4,3,1,4,1
17,72.9,70.0,2,2,5,1,1,1
19,45.7,66.4,2,6,3,0,1,1
24,81.9,76.5,1,4,2,2,3,0
17,79.8,68.4,0,3,4,1,1,0
25,67.1,61.4,0,1,0,3,0,0
24,81.4,49.9,0,3,3,4,1,0
25,63.9,33.2,0,4,0,3,3,0
20,84.9,42.9,0,3,1,3,2,0
17,100.0,47.7,1,2,5,3,1,1
19,52.9,83.0,2,4,2,4,2,0
22,72.3,84.5,0,3,4,4,1,1
23,69.9,52.4,1,2,2,4,2,0
18,73.5,20.0,0,2,4,3,0,0
16,95.3,70.2,1,4,5,1,0,1
19,88.1,61.6,1,6,2,2,1,0
17,92.7,61.1,0,2,2,4,2,1
23,80.5,89.1,0,5,3,3,2,0
19,60.2,72.8,2,1,4,0,1,1
17,63.3,50.5,1,3,1,3,0,0
21,91.2,45.9,2,3,3,1,0,0
21,82.6,64.7,1,2,2,6,2,1
25,98.9,51.9,3,3,1,6,0,0
19,84.4,68.6,0,5,0,1,2,0
21,62.3,90.5,0,6,3,5,0,0
17,72.2,42.4,0,1,4,2,1,1
25,88.5,71.8,0,2,2,2,1,0
17,90.7,88.3,0,6,2,2,2,0
25,92.8,68.3,1,2,3,5,1,0
19,64.3,84.4,0,4,2,0,1,1
23,62.0,64.3,0,2,4,1,1,1
22,77.2,73.4,2,3,2,1,3,0
24,100.0,78.8,0,2,1,2,1,0
23,69.6,58.6,0,5,1,2,0,0
20,86.8,100.0,1,5,4,2,1,0
17,86.8,81.6,1,2,5,3,1,0
20,91.4,96.1,0,5,1,2,2,0
23,100.0,91.4,0,3,1,4,0,0
25,100.0,76.5,1,1,2,2,0,0
24,71.1,97.7,0,5,3,2,3,1
24,48.5,73.8,0,4,3,4,3,1
16,69.8,55.4,1,2,5,2,1,0
24,81.1,70.3,0,2,4,4,0,1
22,74.6,49.9,0,6,4,0,1,1
24,100.0,28.0,0,5,2,5,0,0
23,80.3,52.9,3,5,2,2,1,0
16,89.8,71.5,3,1,3,2,1,0
23,83.3,91.2,0,5,2,1,2,0
23,74.8,52.9,0,2,1,3,0,0
18,51.1,90.2,0,6,1,1,1,0
16,78.8,45.8,0,1,2,3,1,0
23,100.0,51.6,0,3,2,3,1,0
18,61.3,99.0,1,3,2,2,1,0
18,52.8,71.0,0,5,1,4,1,0
16,100.0,66.5,0,5,2,2,2,0
20,91.1,74.7,0,3,1,4,2,0
25,82.8,45.9,0,4,3,1,0,0
22,100.0,63.4,0,5,2,3,0,1
25,67.5,70.1,0,0,4,3,2,0
24,78.4,94.6,1,5,3,2,1,0
22,94.3,36.6,1,6,3,3,3,1
24,100.0,100.0,0,0,3,1,1,0
23,62.5,67.5,0,0,2,2,0,0
17,99.2,47.8,0,3,0,2,1,0
16,85.7,44.2,0,1,3,3,1,0
22,82.4,75.5,1,3,2,1,1,0
22,79.9,43.1,0,4,2,3,2,0
23,59.2,58.8,1,4,2,6,1,0
20,94.4,65.0,1,2,4,1,0,1
18,68.3,92.9,2,4,1,2,2,0
23,63.8,90.4,3,4,2,2,1,0
21,93.3,57.1,0,6,5,2,1,0
18,91.8,65.7,3,1,4,3,1,1
16,81.2,38.1,1,4,0,0,1,0
18,96.2,29.2,1,6,4,1,1,0
20,100.0,45.4,0,3,1,0,1,0
18,99.6,92.5,2,3,3,6,2,0
16,72.1,85.6,0,2,2,3,0,0
20,95.2,77.7,1,5,2,3,1,0
25,83.2,40.8,0,3,3,3,1,0
22,100.0,55.8,1,6,1,3,0,0
22,78.1,52.8,0,5,1,1,2,0
24,74.7,66.7,0,3,3,4,1,1
25,70.8,65.4,0,4,1,3,0,0
25,82.8,50.0,0,0,5,3,1,1
18,87.0,77.0,0,2,2,5,0,0
22,87.3,74.6,0,4,1,4,2,0
16,85.2,55.4,1,4,3,4,1,1
19,90.1,76.1,1,3,2,3,0,0
19,76.7,92.5,1,5,1,6,3,0
20,66.9,98.6,0,2,2,3,0,0
22,65.6,79.8,0,3,5,1,1,0
22,94.6,79.2,0,3,2,1,2,0
19,87.1,65.2,2,3,2,5,1,0
22,52.2,90.6,2,6,2,1,3,0
18,96.5,48.6,0,4,0,1,2,0
21,100.0,88.3,0,3,1,4,3,0
17,69.3,64.2,2,3,4,5,1,0
25,85.0,99.8,2,2,5,1,1,0
24,72.9,81.8,2,3,1,2,2,0
20,89.4,68.6,1,4,2,0,3,1
21,62.5,65.3,0,6,5,2,3,0
19,78.9,80.5,0,5,1,2,2,0
25,94.7,79.5,0,3,1,2,2,0
22,98.5,62.0,0,3,4,0,0,0
24,86.4,71.8,0,1,3,5,1,0
22,74.9,87.9,0,1,1,0,0,0
16,56.1,42.7,0,3,2,3,0,0
16,68.6,84.5,0,3,0,0,0,0
24,73.0,80.4,0,2,2,1,0,0
24,69.5,93.7,0,4,3,1,0,0
19,80.9,55.7,0,4,2,1,3,0
24,74.9,70.1,1,2,3,1,1,0
18,82.6,74.1,1,5,2,0,0,0
22,98.0,84.8,0,2,1,1,2,1
21,73.9,78.6,0,3,0,2,2,0
23,59.3,45.2,0,5,4,3,1,0
24,69.5,75.8,1,3,3,5,0,1
20,88.8,100.0,0,6,1,4,0,0
16,90.2,82.2,0,1,2,4,1,1
18,86.1,100.0,2,4,4,4,0,0
25,99.5,90.9,0,4,2,1,1,0
23,77.2,97.2,0,4,2,0,2,0
21,100.0,76.2,0,5,1,1,1,0
23,92.3,80.4,0,4,1,1,1,1
24,42.1,75.1,0,5,4,2,0,1
19,100.0,70.1,2,2,2,2,1,0
16,68.5,84.8,0,3,3,4,1,0
16,64.5,59.6,1,4,4,3,1,1
25,87.9,100.0,0,4,5,2,3,0
19,53.9,51.4,0,6,1,3,0,0
22,69.6,86.2,0,2,1,3,3,1
17,100.0,97.6,0,3,2,1,3,1
18,88.3,66.5,0,4,0,3,0,0
16,92.2,47.7,0,5,3,3,0,0
20,70.1,93.1,2,6,4,1,1,1
16,56.9,74.1,0,3,3,3,1,0
23,90.6,86.3,0,1,1,2,0,0
16,94.0,67.8,0,3,1,5,0,0
16,93.3,100.0,0,3,2,2,3,1
17,83.1,27.7,0,7,4,4,0,0
17,65.5,77.5,0,3,2,4,1,0
21,100.0,96.8,0,3,0,4,2,0
22,87.2,72.1,0,3,1,3,2,0
20,77.4,76.0,1,3,5,0,1,1
16,77.5,61.3,0,5,3,3,0,1
16,82.2,70.4,0,1,4,4,2,0
18,96.0,36.6,1,3,3,2,2,0
17,82.8,55.6,3,6,2,1,4,0
20,92.9,54.3,1,2,1,2,0,0
25,82.3,83.4,0,4,2,1,2,1
21,78.3,58.6,1,3,2,0,1,1
22,89.6,59.2,0,4,4,1,3,0
19,89.0,62.4,0,1,1,1,1,0
22,77.5,55.0,2,3,1,4,1,1
23,68.8,75.4,0,3,2,5,0,0
16,85.1,77.6,3,2,1,4,1,0
21,81.2,86.5,1,3,3,2,1,0
23,71.7,83.1,1,2,1,3,0,0
20,67.4,81.1,1,4,1,1,1,0
19,86.2,63.4,0,6,2,5,1,1
17,88.3,62.1,0,1,2,4,2,0
21,74.6,52.6,2,2,2,4,0,1
21,71.3,52.2,1,5,1,4,2,0
16,67.5,73.9,2,4,4,3,2,0
24,85.7,55.6,2,1,1,1,0,0
21,67.9,99.4,3,3,0,2,0,0
18,100.0,69.2,1,2,3,2,2,0
19,73.8,100.0,0,2,1,1,0,0
19,43.6,81.4,0,6,2,0,0,1
18,79.5,54.5,1,5,5,2,1,1
25,78.9,68.8,0,4,3,1,1,0
18,96.7,36.5,0,2,3,1,1,0
18,84.3,73.8,0,1,2,3,3,0
19,67.5,56.3,2,5,1,3,2,0
22,75.7,47.7,2,0,2,2,2,0
19,84.9,100.0,1,3,2,2,1,1
24,47.5,90.6,0,2,5,2,3,0
16,100.0,90.1,1,4,1,2,1,1
23,67.5,85.6,1,2,2,4,2,0
22,100.0,45.3,0,3,4,4,1,0
17,85.9,62.0,0,5,3,3,0,0
23,89.4,63.2,0,4,5,2,2,0
16,97.2,35.8,0,1,3,4,1,1
24,88.6,58.9,1,4,2,1,3,1
24,90.1,59.1,0,2,4,4,0,0
17,77.5,72.5,3,3,1,1,4,1
22,85.6,100.0,0,4,1,0,0,0
25,71.2,69.6,0,2,3,3,1,0
18,74.8,72.5,0,3,3,3,1,1
22,100.0,65.0,0,4,4,1,1,0
25,67.9,84.8,0,6,5,2,2,0
24,82.3,48.5,0,3,4,2,1,0
19,81.7,100.0,0,0,0,2,0,0
16,75.3,67.5,0,3,3,0,1,0
17,87.7,62.1,1,3,3,4,1,0
16,88.8,89.4,0,3,5,3,1,0
20,66.1,52.2,0,3,2,5,0,0
20,81.5,84.4,1,4,1,2,1,0
22,63.8,98.1,0,1,4,4,3,1
24,91.8,65.2,1,2,2,2,0,0
24,82.6,100.0,2,3,2,4,1,0
18,81.2,82.9,0,3,2,1,0,0
18,89.9,83.1,2,7,2,1,0,0
18,75.9,97.3,1,3,3,3,1,0
19,93.7,100.0,2,5,2,6,1,0
23,65.8,75.2,1,5,3,1,1,0
21,100.0,85.9,0,5,0,4,2,0
23,71.7,97.9,2,0,2,1,2,1
16,54.6,46.8,0,6,2,4,2,1
23,75.1,35.4,0,1,3,1,1,0
19,73.4,68.8,0,0,2,3,1,0
16,75.0,34.9,0,3,3,2,1,0
23,83.5,63.7,0,2,3,1,2,0
19,96.5,76.3,1,2,3,4,1,0
21,77.1,64.5,2,2,3,3,0,0
23,69.6,67.2,0,2,2,4,0,0
19,63.1,50.0,3,4,2,1,1,0
18,73.0,85.8,2,2,2,1,0,1
24,51.7,48.7,0,3,0,2,0,0
18,69.1,27.9,0,7,4,1,1,0
24,98.7,65.9,1,3,4,1,0,0
17,67.6,88.3,1,4,2,1,1,0
17,89.4,71.6,1,6,2,2,2,0
17,61.6,46.7,1,1,4,0,0,1
21,100.0,72.0,0,3,1,4,0,0
18,100.0,78.8,0,5,3,4,0,0
24,88.9,71.8,0,6,0,4,1,0
19,100.0,64.7,0,4,2,4,1,1
16,85.3,79.7,1,1,4,1,1,1
19,91.5,35.2,1,6,2,2,1,1
16,98.9,52.1,0,2,3,2,1,0
20,82.7,43.9,3,3,4,2,2,1
19,56.7,97.0,0,3,3,5,0,1
23,91.8,84.2,1,3,3,1,2,0
23,72.9,73.7,1,5,2,0,1,0
22,74.0,41.0,3,5,3,3,0,1
18,84.5,84.9,1,4,4,2,1,1
16,88.5,97.7,0,0,5,3,0,1
16,82.3,81.4,3,4,3,3,1,0
18,89.5,69.3,1,4,3,1,0,1
21,69.4,82.6,0,3,1,4,0,0
22,79.4,75.5,1,6,4,4,1,0
21,92.7,88.5,2,5,3,3,2,1
21,100.0,88.1,0,4,3,0,3,1
21,100.0,65.6,0,1,1,2,1,0
18,86.5,56.8,1,4,4,0,1,1
21,92.6,62.0,1,6,0,4,4,0
23,100.0,80.7,0,3,1,5,0,0
17,69.9,63.2,0,5,3,2,0,1
20,89.4,55.0,0,3,3,3,1,1
16,91.5,70.0,1,4,2,1,1,0
16,100.0,92.1,1,4,3,5,1,0
20,62.9,72.7,0,4,2,1,1,0
18,65.9,64.5,0,5,0,1,0,1
19,80.3,76.4,0,2,1,3,1,1
18,85.7,71.7,1,2,4,2,1,1
16,96.8,31.3,0,4,1,2,2,0
16,87.8,83.9,0,2,1,0,3,0
20,77.7,78.1,0,3,3,2,1,1
21,86.2,70.3,1,0,2,3,1,0
18,84.5,91.2,0,1,3,7,1,0
24,100.0,94.3,0,4,4,6,0,0
20,82.5,86.0,2,4,4,1,3,1
23,74.3,53.0,0,1,2,4,2,0
16,86.7,53.7,0,2,2,3,1,1
20,83.0,92.3,2,1,3,2,2,0
18,56.4,32.5,0,3,2,1,1,0
16,79.8,67.0,0,1,0,5,0,1
19,78.5,78.8,0,3,2,2,2,0
20,71.8,35.0,1,4,0,2,1,0
22,95.5,74.7,0,4,5,2,3,0
16,68.2,89.1,1,2,3,1,1,0
18,86.8,40.3,0,4,1,1,2,1
17,77.8,100.0,0,6,1,2,1,0
24,81.6,49.8,1,3,5,6,2,0
25,86.2,81.5,3,3,2,4,0,1
21,60.4,68.3,0,4,3,3,1,0
25,82.9,71.4,1,2,2,0,2,0
18,100.0,44.3,0,4,4,5,1,1
23,56.6,95.2,0,5,3,4,1,0
23,79.1,76.5,0,3,0,4,1,0
17,96.8,100.0,1,4,1,9,4,0
21,84.5,44.9,0,4,2,1,2,0
22,90.3,66.4,0,0,4,2,1,0
17,44.4,74.2,0,2,1,3,2,0
25,89.0,71.2,0,5,3,2,1,1
17,68.6,83.3,2,6,2,6,3,0
25,84.6,66.1,3,5,4,3,1,0
16,79.6,100.0,1,6,3,2,1,0
23,100.0,70.8,0,3,2,4,0,1
16,88.2,20.0,0,2,1,2,1,0
24,78.3,71.7,1,3,0,3,1,0
21,57.4,95.2,3,1,3,4,2,0
22,81.8,51.5,0,5,2,1,2,0
25,92.3,50.3,1,7,2,3,3,0
22,78.8,53.2,3,5,5,2,0,0
25,72.4,48.5,2,4,2,5,1,0
18,71.4,60.4,0,2,3,5,1,0
17,88.0,88.2,0,2,1,3,0,0
24,91.4,100.0,0,3,0,2,1,1
23,100.0,21.5,0,4,2,2,1,0
25,65.1,62.4,0,3,3,2,0,0
22,87.9,76.1,0,6,2,0,0,1
24,78.2,74.1,1,5,4,1,2,0
19,78.6,100.0,0,1,2,3,1,0
19,86.0,29.8,0,1,2,2,2,1
16,86.1,20.0,1,4,4,3,1,0
23,87.9,100.0,1,2,2,5,0,0
18,64.1,85.1,1,5,1,1,0,1
22,68.8,58.6,0,4,0,2,0,0
17,100.0,73.4,1,2,3,2,1,1
17,76.7,74.9,0,3,4,0,3,1
22,84.6,58.1,0,3,0,2,1,0
21,95.8,72.8,1,5,2,5,0,0
18,87.0,77.1,0,0,3,5,0,1
24,88.2,100.0,0,5,4,4,1,0
25,93.4,89.3,0,4,2,3,1,0
21,48.3,100.0,0,4,4,1,1,0
25,72.7,43.1,0,0,2,2,0,0
25,87.0,63.1,1,4,1,2,1,0
21,100.0,74.8,0,4,0,5,1,0
16,81.0,31.6,3,3,2,2,2,1
19,67.3,93.6,0,5,2,3,0,0
25,67.7,82.8,0,4,4,3,0,1
21,93.3,62.7,0,5,1,1,1,0
21,76.7,66.3,0,2,2,7,0,0
20,79.9,95.1,1,5,0,4,1,0
16,89.2,54.1,0,2,3,1,0,1
23,36.5,95.9,0,5,4,3,0,0
20,100.0,65.0,1,6,1,4,2,1
20,69.0,85.1,0,3,2,2,1,0
22,83.6,71.7,2,3,1,2,0,0
19,54.4,100.0,1,4,2,4,0,0
21,73.7,52.3,0,1,1,3,2,0
19,98.7,58.5,0,3,2,3,1,0
18,51.3,39.9,0,3,3,1,3,0
22,96.9,48.1,1,5,2,2,2,0
23,75.9,84.3,0,5,1,0,2,0
19,87.3,100.0,0,4,2,2,1,0
17,89.9,86.5,0,4,3,2,2,0
25,86.6,69.9,0,4,2,2,1,0
18,67.0,52.1,0,3,1,1,2,0
16,74.5,88.0,1,3,4,3,2,0
23,58.1,51.0,0,4,2,3,1,1
18,87.4,43.0,2,6,1,1,1,0
25,100.0,63.8,1,4,1,2,1,0
22,52.6,29.3,0,4,5,3,1,0
25,68.6,42.4,0,5,1,0,1,1
20,77.3,100.0,0,3,4,3,4,0
25,82.6,38.7,1,4,2,1,1,0
20,93.2,46.2,0,3,2,1,0,0
22,77.7,71.4,3,2,3,4,1,0
24,75.3,72.5,1,4,0,1,2,0
20,96.5,65.3,0,4,2,3,2,0
16,89.9,29.9,1,3,2,3,1,0
25,88.1,87.0,0,4,4,3,0,0
25,81.7,61.1,1,4,2,1,0,0
16,94.7,94.4,0,5,2,2,0,1
17,70.2,57.1,0,5,1,3,0,1
21,68.1,89.6,0,3,2,2,2,0
24,91.2,95.9,2,6,1,3,1,1
23,55.6,60.7,0,4,1,3,1,0
20,81.4,87.6,3,5,1,5,2,1
16,75.3,43.4,0,4,3,3,1,0
22,58.9,75.3,0,2,2,2,0,0
20,66.0,94.4,0,1,2,3,1,1
21,78.4,80.4,0,4,3,3,0,1
22,95.5,100.0,0,3,5,3,1,0
18,70.2,81.5,0,4,3,1,2,0
25,98.2,62.7,1,3,2,4,3,1
18,80.9,100.0,0,3,3,3,0,0
20,99.7,100.0,0,2,4,5,1,1
21,70.9,37.9,0,4,2,2,1,1
24,79.3,54.3,1,2,2,5,1,1
20,85.5,49.2,0,4,0,3,1,0
16,77.3,82.9,0,3,4,2,0,0
19,94.3,81.4,0,5,1,2,1,0
20,46.9,81.3,1,1,0,2,2,1
25,100.0,37.4,1,2,2,3,3,1
25,92.9,57.2,0,4,4,2,2,0
20,77.4,67.0,0,4,2,5,0,0
22,71.7,33.6,2,2,3,0,1,1
19,67.0,52.6,3,6,4,1,1,1
16,89.7,97.1,1,2,2,3,3,0
20,94.9,38.9,3,3,2,0,3,0
22,77.6,99.1,1,2,2,2,4,0
25,96.6,91.8,1,3,4,4,2,0
25,66.4,64.2,0,3,3,4,1,1
21,63.7,57.0,0,2,4,3,2,0
20,100.0,86.6,0,5,1,2,3,1
19,88.9,54.2,1,3,2,2,1,1
17,100.0,55.2,2,4,0,1,2,0
19,67.2,69.5,1,2,2,3,3,1
25,66.1,27.4,0,3,4,3,1,0
25,74.6,41.0,0,0,2,0,0,1
18,67.6,63.7,0,5,1,2,0,0
25,90.6,79.5,0,4,0,0,0,1
16,68.7,54.0,1,5,2,5,1,0
23,62.4,66.0,2,3,1,1,1,1
20,82.1,37.7,0,5,2,4,1,0
19,60.7,88.6,0,4,4,2,1,0
23,53.0,74.4,1,0,2,3,3,0
22,82.0,76.2,0,2,3,1,0,0
17,53.8,79.8,2,3,2,0,2,0
16,91.6,71.6,0,4,3,4,0,1
19,59.1,60.3,0,1,1,4,1,0
23,46.4,92.6,0,4,4,4,1,1
17,75.6,73.1,0,3,3,1,2,1
18,82.2,66.7,0,3,1,2,1,0
16,87.4,69.8,0,2,1,3,0,0
16,82.6,69.4,0,4,1,3,1,1
18,64.1,66.5,0,0,3,3,0,0
20,90.7,78.9,0,1,2,2,1,0
18,94.4,51.3,0,4,2,2,1,0
16,61.9,52.7,0,3,2,5,1,1
16,77.3,81.2,1,3,4,2,2,0
23,75.9,67.1,2,2,4,2,3,0
25,83.3,89.4,0,3,2,1,1,0
17,76.9,78.2,0,1,2,2,0,0
18,79.0,58.9,0,3,4,4,2,0
17,89.6,81.5,0,3,3,3,1,1
18,63.3,93.9,1,3,2,1,1,0
22,91.1,78.9,1,7,0,3,1,0
16,97.1,83.3,1,3,3,2,1,0
25,100.0,66.6,0,3,1,1,2,0
23,47.8,89.9,0,3,0,0,3,0
25,77.3,58.4,2,2,4,3,3,1
25,50.5,76.8,0,5,2,4,2,1
25,43.5,100.0,0,4,4,4,2,0
17,82.2,80.8,3,2,2,1,0,0
18,74.0,61.6,1,5,4,3,2,1
24,84.5,61.5,1,0,2,2,0,0
22,87.3,68.6,0,7,3,3,2,0
19,98.7,87.0,0,5,2,1,0,0
25,80.8,72.9,0,4,0,2,1,0
20,100.0,57.0,1,1,2,2,0,0
17,84.6,57.0,0,2,3,6,1,0
23,100.0,73.0,1,2,1,6,1,0
19,45.0,70.8,1,2,2,3,0,0
24,100.0,79.1,0,3,1,2,2,1
20,77.3,88.3,0,6,0,1,2,0
24,50.8,100.0,0,3,3,3,2,0
19,86.3,40.8,1,4,5,2,2,0
25,75.5,83.7,1,4,2,3,2,1
20,88.7,72.0,1,5,2,2,3,0
24,95.2,33.1,0,0,5,4,1,1
23,57.7,95.0,0,3,3,3,1,0
18,95.2,78.4,1,5,3,2,2,1
16,80.1,86.0,0,5,1,2,1,0
18,100.0,36.0,1,6,2,3,0,0
19,76.9,65.6,1,4,2,1,2,1
17,72.9,48.4,0,2,2,7,0,0
16,80.4,100.0,0,3,4,2,1,1
22,81.5,92.9,0,0,2,3,0,0
23,70.1,56.4,0,4,0,2,2,0
22,72.6,39.3,1,4,4,2,3,1
20,61.6,73.9,1,4,2,2,0,1
16,73.5,91.8,2,6,4,3,0,1
22,90.1,35.3,1,4,2,3,0,0
22,77.9,51.4,0,3,0,2,1,1
24,95.1,47.9,0,2,2,1,1,0
18,77.2,87.3,1,5,2,1,1,0
24,58.5,62.6,0,2,1,3,0,0
16,89.0,63.4,1,2,2,2,1,1
16,69.9,73.5,1,2,2,2,1,0
19,76.5,52.4,0,3,3,2,1,1
24,98.6,41.1,0,1,1,2,0,0
21,62.6,97.4,0,6,2,1,1,0
18,82.5,99.2,2,6,1,4,1,0
16,79.4,73.6,0,6,2,2,1,0
19,90.5,75.0,2,0,1,3,1,0
24,92.8,95.2,0,6,0,1,1,0
18,84.0,73.1,3,7,2,0,1,0
24,74.6,61.6,0,6,1,3,2,0
22,87.1,70.8,0,4,2,1,0,0
19,100.0,97.9,1,4,5,2,0,0
18,79.6,71.1,2,1,2,1,0,0
25,76.0,56.6,0,5,2,4,1,0
20,85.8,72.9,1,1,4,2,0,0
20,80.6,83.1,2,3,4,2,0,0
18,59.9,80.7,0,7,4,3,1,0
24,83.6,81.1,0,3,0,2,1,0
19,59.8,53.5,2,1,3,5,2,1
20,85.6,85.4,0,6,4,3,1,1
19,68.0,70.6,0,7,4,2,1,1
20,80.6,55.8,1,2,2,5,2,1
22,85.9,85.2,0,5,0,4,1,0
24,100.0,60.9,0,3,5,3,2,0
22,91.1,38.5,3,3,2,2,3,1
20,100.0,50.0,0,2,2,1,2,0
25,100.0,66.4,1,0,2,3,1,0
25,87.3,81.6,1,2,2,2,1,0
22,84.3,52.7,0,1,1,2,2,0
25,64.0,65.2,0,6,2,2,1,0
20,78.3,45.7,0,4,5,2,2,0
18,69.2,89.6,0,5,2,0,1,0
22,74.0,100.0,1,4,2,0,2,0
17,100.0,100.0,1,1,4,1,0,1
24,81.7,89.3,0,6,2,1,0,0
25,66.9,87.3,0,5,2,5,1,0
25,100.0,28.6,0,3,2,1,1,1
16,94.3,73.5,0,1,1,5,0,0
21,95.1,60.1,0,4,1,2,1,1
22,49.9,87.6,0,4,3,0,0,1
23,100.0,20.0,1,5,4,3,1,0
25,71.6,73.9,0,1,3,2,1,0
24,91.7,65.7,0,1,0,2,0,0
17,100.0,92.4,1,4,2,2,1,0
25,100.0,100.0,0,4,0,5,0,1
17,65.3,51.4,0,0,2,4,1,0
20,58.3,52.3,0,3,1,6,0,1
20,100.0,74.6,0,4,4,6,2,0
21,82.1,100.0,0,4,1,1,0,1
18,72.5,71.2,2,3,0,2,1,0
23,89.3,44.4,0,3,2,1,1,0
16,77.6,57.9,3,5,1,1,0,0
21,90.5,74.1,0,6,3,7,0,0
19,81.0,74.8,0,2,4,2,1,0
16,90.8,55.9,0,2,0,3,0,0
22,66.6,57.5,0,6,2,4,1,0
24,100.0,50.4,0,3,5,2,1,0
19,90.5,92.8,0,4,3,0,0,0
19,89.7,53.3,0,4,5,3,1,0
21,63.2,60.7,0,2,1,4,4,1
18,100.0,60.1,0,4,1,1,2,1
21,79.8,37.9,0,4,1,3,0,1
22,90.9,52.7,0,4,2,4,0,1
25,75.2,94.6,1,1,3,2,1,0
25,83.9,45.8,2,7,1,4,0,0
18,84.5,50.7,0,3,2,1,0,0
22,37.7,43.3,0,4,1,4,0,0
18,88.7,68.2,0,5,4,1,0,0
17,100.0,100.0,2,3,0,0,1,0
25,88.1,67.3,0,5,1,3,1,0
19,65.6,71.3,1,6,3,2,0,0
23,89.7,54.1,0,3,0,6,1,0
24,95.9,68.8,0,3,2,4,1,0
22,87.7,94.6,0,6,2,3,1,0
16,78.9,72.9,0,2,4,2,3,0
18,76.4,100.0,2,0,3,0,4,0
24,76.3,95.2,0,6,3,2,1,0
16,90.5,68.3,0,5,5,5,2,0
24,58.9,67.9,0,6,5,1,0,0
23,74.4,100.0,1,1,3,2,1,0
16,100.0,72.7,0,2,2,3,1,0
21,100.0,98.2,0,1,3,2,1,0
20,57.8,100.0,0,4,2,2,0,0
21,63.0,65.9,0,4,5,2,0,1
25,75.9,77.0,1,3,3,5,1,0
20,93.4,89.6,0,1,1,2,1,0
21,52.6,85.4,0,4,0,0,4,0
20,79.2,85.2,0,4,0,2,0,0
20,72.9,43.3,2,1,1,2,3,1
19,99.9,53.0,0,6,1,2,0,0
18,54.8,60.1,0,2,2,3,3,0
18,81.4,94.3,2,4,1,5,2,0
19,74.1,45.3,0,5,3,2,0,1
24,100.0,100.0,3,4,1,3,0,1
17,89.0,85.6,0,2,1,3,0,1
24,71.2,93.1,0,3,2,2,4,0
16,92.8,51.4,1,5,4,3,1,1
16,74.2,71.4,2,2,2,2,1,0
20,95.0,76.0,0,4,2,1,0,0
21,76.4,75.1,2,7,2,3,3,1
21,95.8,75.9,0,7,1,3,0,0
18,86.5,64.5,1,3,2,3,0,0
22,100.0,72.7,0,5,1,0,1,0
24,79.2,90.7,0,7,2,1,1,0
25,85.7,46.7,2,3,3,3,0,0
23,72.8,100.0,2,2,3,3,1,1
21,80.0,89.6,0,1,1,0,0,0
23,39.5,50.7,0,1,3,3,1,0
20,87.0,77.7,0,5,1,1,1,0
23,100.0,88.0,0,4,1,2,0,0
25,85.9,45.3,0,5,2,3,1,0
19,60.3,70.8,0,5,2,4,2,0
25,68.0,68.4,0,4,1,1,0,1
23,43.5,57.1,1,4,3,4,1,0
25,94.7,71.8,0,0,4,5,1,0
17,64.9,58.0,0,5,1,6,0,1
20,79.6,97.5,0,3,2,4,1,0
24,77.7,57.5,1,4,1,1,0,0
19,100.0,85.8,0,0,2,0,0,0
21,81.3,36.9,0,6,0,2,2,0
16,92.1,66.8,1,6,5,2,0,0
24,88.2,70.2,1,3,2,0,1,0
16,100.0,66.1,1,4,3,3,2,0
20,76.4,62.1,2,4,1,2,0,0
19,100.0,56.6,1,2,4,3,1,0
18,50.2,85.1,1,2,4,4,3,1
21,92.9,90.0,0,4,3,1,1,0
17,67.0,68.4,0,1,4,2,0,0
18,72.6,48.1,0,3,1,2,1,1
20,88.5,100.0,0,3,2,1,0,0
24,88.4,52.4,0,3,3,5,0,1
17,89.1,40.8,0,2,2,4,2,0
25,59.2,29.7,1,3,4,3,0,0
23,100.0,72.0,0,3,1,2,0,0
17,66.5,65.7,0,3,1,3,1,0
20,68.5,90.6,3,4,1,2,4,1
22,89.6,82.2,0,6,4,3,0,0
23,75.7,75.8,0,1,4,4,0,0
16,84.6,64.6,0,5,2,2,1,0
21,47.7,92.2,2,2,2,3,1,0
16,84.3,100.0,0,4,3,1,1,1
17,83.3,90.2,1,3,3,2,3,0
16,72.4,60.7,0,4,1,2,0,0
20,48.9,85.6,0,4,3,0,0,0
25,76.8,62.0,0,3,2,6,0,0
24,79.4,47.9,1,3,2,2,1,0
21,74.5,52.0,1,5,0,3,1,0
16,52.5,62.8,1,2,3,3,2,0
16,100.0,72.1,1,2,4,1,3,0
17,70.4,100.0,0,0,3,1,0,1
24,76.7,52.4,1,2,3,1,4,0
18,43.9,96.5,0,3,2,1,0,1
16,100.0,63.7,1,3,3,1,1,1
20,73.0,29.7,0,2,2,7,2,0
22,81.5,59.9,0,1,3,5,1,0
21,96.8,93.5,0,4,2,3,2,0
16,69.9,76.9,0,5,3,3,1,0
20,94.4,78.1,0,7,3,2,3,0
20,49.1,96.6,1,6,3,2,2,0
21,88.3,49.3,0,6,3,1,1,0
18,100.0,49.0,0,5,2,3,3,0
20,71.3,24.7,1,4,4,2,3,0
22,96.8,87.5,0,1,2,0,1,1
20,100.0,81.2,1,4,5,3,1,0
20,76.2,84.5,0,1,3,3,2,0
20,74.9,46.3,3,5,1,1,2,0
25,66.5,37.9,0,3,4,2,0,0
25,72.4,43.6,0,4,2,4,1,0
18,67.8,51.5,0,1,5,2,3,0
16,66.5,100.0,0,3,3,1,0,0
20,98.0,90.0,2,3,0,4,2,0
24,68.2,60.8,0,2,2,2,1,0
16,83.9,76.0,0,3,2,2,0,0
18,80.6,56.4,0,0,4,4,0,0
19,100.0,77.3,1,3,3,0,2,0
16,72.5,47.2,0,3,2,1,1,0
16,85.7,85.0,3,5,3,1,1,0
23,91.9,53.0,0,3,2,3,1,0
17,100.0,86.1,0,3,1,3,1,0
23,72.2,61.5,0,7,1,6,0,0
22,70.7,54.2,1,4,2,2,1,1
25,64.1,100.0,2,3,1,4,1,0
25,100.0,73.5,0,3,1,1,0,0
17,100.0,63.6,0,5,0,2,1,0
21,79.4,85.2,1,3,4,2,1,0
21,100.0,43.2,0,3,1,1,0,0
18,78.5,92.1,0,5,1,3,2,0
17,90.9,67.2,0,1,1,8,1,1
16,80.2,82.0,0,5,2,3,0,0
21,86.0,39.0,0,3,2,4,1,0
20,84.4,62.4,0,4,1,2,1,0
24,73.6,70.1,0,5,3,2,0,1
16,96.4,90.6,1,2,3,2,0,0
22,90.7,83.6,0,5,2,2,0,1
20,95.4,62.2,1,6,2,5,1,1
20,84.8,76.4,0,3,2,2,1,1
17,66.4,95.1,1,6,1,5,2,1
18,100.0,66.0,0,0,3,3,1,1
22,76.1,63.8,1,5,4,3,2,0
21,85.5,32.2,0,3,3,4,1,1
17,89.5,64.4,2,3,2,5,1,0
21,85.4,35.2,0,2,4,2,2,0
17,93.7,67.7,0,3,2,1,1,0
17,96.1,89.8,3,2,1,2,1,1
17,76.6,27.6,0,6,2,2,1,0
18,100.0,94.7,0,5,3,2,2,0
17,76.0,63.4,2,1,4,3,1,0
19,85.1,69.5,0,1,2,1,1,0
24,74.2,60.0,0,5,1,2,0,0
21,69.9,35.7,3,3,3,2,1,1
16,95.7,54.3,0,2,4,2,0,1
23,100.0,100.0,2,3,1,1,3,0
22,74.6,48.1,0,3,4,2,1,0
25,98.2,38.2,1,2,2,5,0,0
18,75.1,72.8,0,4,3,3,0,1
16,79.8,68.3,3,4,2,3,0,1
20,100.0,63.5,0,1,2,6,0,0
19,63.9,70.3,0,6,3,2,2,0
25,59.9,82.9,1,4,4,6,2,0
23,78.7,58.3,0,2,2,2,3,0
16,90.0,73.9,1,2,2,3,2,0
25,87.0,90.5,2,1,1,1,1,1
16,85.4,50.1,0,3,1,2,3,1
19,80.5,23.6,1,1,3,1,3,0
23,91.8,83.4,0,3,1,3,2,1
20,36.3,100.0,0,1,3,4,2,0
17,68.7,69.9,0,4,2,5,1,0
21,78.6,74.0,1,5,5,3,0,0
20,90.6,64.1,0,3,1,2,1,0
17,100.0,100.0,1,4,0,4,1,0
18,66.7,68.4,0,6,0,4,1,0
24,100.0,66.3,1,4,4,4,2,0
22,73.2,88.2,0,3,2,2,2,1
22,78.1,60.3,1,3,0,2,1,0
21,88.7,44.3,0,5,4,0,0,0
23,77.0,87.6,0,1,4,2,1,0
19,96.7,58.2,0,3,4,1,0,0
23,73.9,50.5,1,4,1,3,1,1
19,74.2,100.0,0,4,2,2,1,0
23,95.8,66.4,1,5,3,4,0,0
24,68.6,79.9,0,3,2,3,0,0
18,83.7,70.6,1,1,1,2,1,1
18,55.1,52.3,0,6,1,4,2,0
17,100.0,83.8,0,1,5,1,0,1
25,98.1,76.3,0,1,1,3,2,0
18,100.0,56.8,0,3,3,4,1,0
18,100.0,78.7,0,5,2,1,0,0
20,63.1,59.7,2,5,3,2,1,1
20,90.0,47.9,3,6,3,2,3,0
17,66.2,45.9,1,1,2,5,1,0
25,100.0,75.4,0,3,2,4,1,0
21,63.5,62.3,0,2,3,1,2,0
20,62.8,100.0,1,5,2,3,2,1
21,55.9,69.1,0,3,3,3,0,1
16,72.7,54.3,2,0,3,2,2,1
20,69.7,73.2,0,4,2,4,3,0
24,61.1,44.1,3,3,2,3,2,0
25,100.0,68.3,0,3,1,1,2,1
17,87.9,76.4,1,5,3,1,1,1
16,86.2,73.9,0,2,0,1,1,0
25,100.0,96.1,2,2,5,0,1,0
24,83.8,100.0,0,2,5,3,1,0
25,68.8,83.4,1,3,1,3,2,0
24,54.5,93.6,1,1,1,4,3,0
24,67.9,100.0,0,4,2,2,2,0
21,100.0,49.9,0,2,5,5,4,1
23,61.2,72.6,0,6,2,2,1,0
16,85.3,60.4,0,2,2,4,2,0
25,95.5,86.9,0,2,3,3,1,0
19,84.3,75.4,0,2,1,2,0,0
16,86.0,53.6,0,5,2,4,1,1
23,89.8,70.2,1,3,1,3,1,0
16,85.7,90.9,1,5,3,4,3,0
18,100.0,43.9,0,5,1,2,1,0
19,64.4,54.1,2,6,2,4,3,0
23,83.6,51.1,2,5,4,4,0,0
21,52.7,76.5,0,1,2,4,2,0
25,48.9,94.8,0,5,3,1,2,0
22,78.8,29.8,0,6,0,3,2,0
23,88.2,71.9,1,7,2,3,1,0
17,100.0,51.5,1,1,0,4,2,0
25,100.0,90.1,0,4,2,2,1,0
23,99.8,65.3,1,2,1,3,2,0
18,90.9,72.6,0,2,1,0,1,0
22,82.4,70.0,0,4,0,3,0,0
18,57.0,92.5,1,6,2,3,0,0
22,77.8,100.0,1,4,2,3,1,0
17,99.4,47.3,0,5,2,3,3,0
25,93.5,50.9,0,0,0,3,1,1
21,60.7,76.4,2,0,3,2,2,0
18,89.2,53.7,0,4,2,0,1,0
18,87.9,88.7,1,3,2,4,3,0
24,85.2,91.9,0,5,4,2,1,0
22,79.6,59.1,0,3,2,3,0,0
20,90.0,54.7,0,3,1,3,2,1
25,90.5,64.5,0,3,2,3,2,1
22,70.4,72.1,1,2,4,4,1,1
24,86.8,76.3,0,6,2,1,1,0
16,77.2,24.9,0,3,4,3,0,0
22,57.7,50.7,0,3,3,4,1,0
21,71.6,61.9,0,5,2,2,1,1
25,56.5,54.1,2,3,3,0,1,0
24,94.7,20.0,1,5,2,3,1,0
16,85.3,32.2,0,1,2,3,1,0
19,74.7,43.9,1,2,2,2,0,0
24,100.0,67.7,1,6,3,6,1,0
19,81.0,61.3,1,5,2,3,2,0
25,58.5,57.4,0,3,0,2,0,0
18,73.4,85.9,0,4,3,3,0,0
24,100.0,85.9,0,6,3,1,0,0
17,70.0,73.0,1,2,5,4,4,0
19,84.1,72.4,1,1,2,2,1,0
21,91.2,52.9,0,3,0,3,1,0
17,88.8,55.3,0,1,1,3,1,1
23,100.0,35.8,0,2,3,3,3,0
23,62.4,65.0,0,5,0,2,1,0
16,63.9,85.7,3,0,4,0,0,0
18,62.6,97.1,0,5,1,1,1,0
25,75.6,65.1,0,3,4,5,2,1
24,96.5,79.8,3,4,3,3,1,0
20,64.5,20.0,0,4,4,2,1,1
21,96.7,61.3,1,3,1,1,4,0
19,80.5,60.9,0,1,2,4,3,0
25,63.4,99.8,0,1,0,3,3,1
17,53.7,77.9,0,5,1,1,0,0
23,57.1,79.9,1,2,2,2,0,0
21,70.0,78.8,0,0,3,1,1,1
20,77.5,70.9,0,6,0,2,2,0
24,100.0,100.0,1,7,4,3,2,0
16,92.0,23.9,0,3,0,2,2,0
20,67.4,72.9,0,0,2,2,3,1
21,86.1,92.6,0,4,0,3,2,0
20,100.0,32.2,0,5,3,3,0,0
21,100.0,86.8,1,1,1,0,0,1
21,75.3,54.8,1,1,4,2,1,0
22,94.4,72.2,3,5,2,1,1,0
19,100.0,54.4,1,6,4,2,0,0
23,57.4,89.2,0,5,1,5,2,0
22,72.3,64.2,2,2,2,3,0,1
24,100.0,86.9,0,3,3,5,2,0
22,75.5,78.7,0,4,4,3,2,0
18,36.1,54.1,0,2,2,3,0,1
18,78.2,80.0,0,2,4,6,0,1
23,96.9,56.7,1,2,1,2,0,0
20,80.1,71.3,0,3,3,3,0,0
19,90.7,63.9,0,3,2,4,1,1
23,94.1,88.0,0,5,1,4,1,0
21,74.7,80.8,0,5,2,2,1,1
17,72.2,69.4,0,6,4,7,1,0
19,82.3,56.3,1,5,5,2,1,0
19,82.7,44.6,0,2,2,3,1,1
21,80.8,72.7,1,3,4,4,0,0
21,81.4,57.4,0,3,2,2,0,0
16,68.8,32.4,0,0,3,1,2,1
23,91.3,43.4,1,6,0,4,1,0
21,89.0,100.0,1,0,2,3,2,0
18,60.0,56.8,0,3,0,2,0,0
24,74.2,91.6,1,4,1,1,0,0
17,81.4,62.9,3,3,2,5,1,0
23,72.0,94.8,3,4,4,0,2,0
25,89.6,93.3,1,3,2,1,2,0
18,79.0,53.5,1,2,4,3,0,0
20,82.5,30.2,0,2,4,1,3,1
21,74.0,31.9,1,6,1,1,1,0
25,50.1,53.8,0,2,2,2,0,0
21,49.2,100.0,3,2,3,5,0,0
19,88.8,61.8,0,3,4,5,1,0
18,84.0,72.9,0,1,5,3,1,0
19,86.6,96.1,0,3,3,4,0,0
16,82.0,72.2,0,4,2,3,3,1
19,83.2,71.5,0,5,3,4,2,0
16,94.5,82.5,0,4,1,4,2,1
16,86.7,75.8,1,1,1,0,1,1
25,95.6,68.0,1,3,3,2,1,0
21,82.6,55.6,0,0,4,2,1,0
20,75.5,71.6,1,0,5,2,1,0
19,82.9,91.9,0,3,2,3,3,0
18,67.5,100.0,0,2,3,1,1,0
16,74.3,75.8,1,4,4,3,1,0
21,82.7,85.1,1,4,3,3,0,0
17,82.5,75.4,0,5,2,3,3,0
23,78.4,68.3,0,5,3,3,0,0
25,59.2,80.3,0,0,2,1,2,0
20,89.5,93.8,0,3,3,1,1,0
22,92.5,52.3,0,2,3,3,1,0
25,100.0,41.0,3,3,4,2,2,0
17,86.6,59.3,1,2,1,5,0,0
23,80.0,74.2,1,1,2,2,1,0
17,64.8,87.4,0,3,2,1,0,1
19,100.0,50.2,1,4,1,4,1,0
16,83.7,20.2,0,4,5,5,0,1
20,82.9,59.8,0,3,1,2,0,0
24,76.2,66.1,0,3,2,0,2,0
16,75.2,46.8,1,3,4,2,1,0
24,90.3,54.9,2,4,0,2,0,0
23,64.7,87.3,0,0,4,3,1,0
21,100.0,71.6,0,4,2,2,1,0
22,100.0,76.9,0,4,0,4,1,0
18,74.7,62.9,1,2,4,2,3,0
16,67.0,54.9,0,0,0,3,2,0
20,49.8,62.7,0,1,2,2,0,1
17,61.2,80.0,1,3,0,1,1,0
20,90.9,40.2,0,5,0,3,0,1
23,84.7,100.0,0,3,4,3,0,1
24,87.4,81.5,0,3,3,1,3,1
17,52.3,59.3,1,6,1,3,1,0
18,74.1,86.3,0,2,3,2,2,0
18,100.0,94.4,3,1,3,4,0,1
16,78.6,63.4,1,3,4,5,0,0
23,60.9,65.7,0,4,2,3,1,0
21,78.3,99.9,0,4,4,1,1,0
23,68.4,100.0,0,3,2,0,2,0
24,85.0,70.6,0,6,3,2,1,0
20,80.3,46.8,2,4,5,3,1,1
18,88.1,60.6,1,1,1,5,1,1
20,61.7,90.7,0,4,1,5,2,0
20,73.3,49.4,0,0,2,4,2,0
20,96.4,65.8,0,4,1,3,1,0
18,59.7,75.9,0,2,1,5,2,0
25,65.0,51.5,0,4,3,4,1,0
19,83.0,91.9,0,3,2,2,2,0
24,84.3,83.9,3,5,2,3,2,0
25,72.7,100.0,0,3,2,1,0,0
24,75.8,85.6,0,4,1,2,1,1
17,88.0,50.8,2,2,2,3,4,1
23,92.7,80.6,0,6,3,2,1,0
23,64.0,89.8,0,5,1,3,2,0
22,85.5,90.8,0,2,5,1,0,0
23,100.0,54.5,0,6,2,3,1,1
18,78.3,52.1,3,3,4,1,2,1
21,63.8,47.2,2,4,1,2,1,0
16,63.1,100.0,2,4,3,3,1,0
22,77.6,82.5,1,0,3,2,0,0
16,95.5,53.6,0,6,4,1,0,0
24,79.4,72.5,2,3,3,2,1,0
16,82.8,67.5,3,2,5,3,2,1
16,65.1,50.5,0,5,3,2,3,0
22,94.7,70.7,0,4,3,2,1,1
17,62.8,73.8,0,1,4,3,2,0
20,72.4,100.0,0,1,3,3,2,0
23,89.4,56.9,0,4,2,2,2,0
23,49.4,35.8,2,1,1,2,2,1
18,82.6,49.0,2,6,4,2,1,1
22,64.4,52.1,0,4,2,2,1,0
18,80.2,61.5,0,3,3,1,0,1
21,74.7,49.1,1,3,0,4,2,1
21,100.0,86.4,1,3,2,0,0,1
18,74.1,47.7,0,3,3,1,0,0
22,100.0,70.4,1,5,2,4,1,0
18,88.8,100.0,2,6,2,2,3,0
23,68.0,81.1,2,4,1,2,2,0
25,85.0,79.0,0,3,2,2,1,1
19,75.4,100.0,0,2,3,0,2,0
16,83.6,94.9,2,4,1,1,3,1
19,69.3,81.3,0,4,3,1,1,1
22,100.0,63.8,1,4,2,3,1,1
19,93.9,69.5,0,0,5,4,1,0
21,80.5,68.6,0,5,0,5,1,0
24,100.0,62.0,0,3,1,2,3,0
16,81.1,74.2,0,4,2,2,2,1
20,96.5,77.0,2,5,2,7,2,0
22,80.6,45.1,0,4,0,2,1,0
16,85.9,100.0,2,3,4,3,3,0
19,78.8,78.2,2,4,2,5,0,0
21,81.4,64.7,0,0,2,2,0,0
17,82.6,74.4,1,5,2,2,0,0
25,70.0,88.6,0,1,4,4,2,1
20,74.0,40.7,1,3,1,2,2,0
25,76.7,67.9,0,1,1,0,1,1
16,83.4,46.3,0,5,1,1,1,0
21,79.5,100.0,0,4,3,1,1,0
21,97.6,72.8,1,4,4,1,0,1
19,92.7,46.4,2,4,2,3,0,0
23,77.1,100.0,0,5,1,0,1,0
19,100.0,59.3,0,1,1,5,2,0
23,100.0,65.8,0,4,3,4,2,0
23,49.3,67.3,1,4,1,1,0,0
20,94.0,53.0,0,0,4,5,0,0
19,69.6,74.9,1,2,1,4,2,1
17,92.0,25.8,0,2,0,4,0,0
18,98.6,91.7,0,1,0,2,1,1
18,66.8,47.4,1,3,4,3,0,1
19,52.2,61.7,1,0,3,4,1,0
19,92.5,85.0,1,4,5,1,1,0
25,82.0,65.9,0,2,2,2,0,0
20,55.0,66.7,2,2,1,2,1,1
19,100.0,49.8,0,6,2,2,1,0
25,89.4,100.0,2,3,2,2,0,0
23,90.1,80.6,0,2,2,1,2,0
21,100.0,48.3,0,4,2,1,2,0
21,71.3,73.6,0,2,0,4,0,0
23,82.0,46.9,0,1,0,6,0,0
22,60.2,100.0,0,0,3,5,0,0
25,70.9,74.0,2,6,2,3,1,0
25,85.8,50.5,1,4,4,6,2,1
23,55.0,84.0,3,5,2,2,0,0
17,70.5,64.4,0,7,4,2,1,0
24,66.1,44.2,0,6,2,3,0,0
16,82.1,77.6,2,4,0,4,1,1
23,88.6,77.1,0,4,5,2,0,0
19,91.1,92.8,0,3,2,6,3,1
19,95.0,71.3,2,1,3,2,1,0
20,100.0,72.1,0,4,3,2,1,0
23,89.1,73.2,0,4,2,1,2,0
20,100.0,100.0,2,6,3,2,0,0
23,81.8,63.8,0,3,4,3,0,0
25,77.4,79.4,2,4,2,2,3,0
16,89.1,82.3,0,4,3,3,1,0
25,76.8,77.0,1,2,3,2,3,0
24,100.0,63.0,0,4,1,0,1,0
21,97.0,72.4,1,3,2,1,4,0
18,91.3,68.1,0,3,1,4,2,0
23,82.0,100.0,1,3,3,3,0,0
24,73.9,60.8,0,2,4,2,2,0
21,90.5,51.7,0,3,3,1,0,0
22,63.1,69.9,1,4,1,0,1,0
16,100.0,68.5,0,3,2,2,1,1
20,77.3,73.9,0,3,4,1,2,1
20,84.6,60.9,0,1,2,2,2,1
25,66.4,72.2,0,2,4,1,2,0
19,90.8,72.6,0,3,3,2,2,0
21,73.2,88.1,0,3,0,3,2,0
22,89.7,71.9,0,4,1,3,1,0
24,91.4,72.0,1,5,2,6,2,0
16,70.3,80.3,0,2,3,1,2,0
21,63.1,87.4,0,0,4,2,2,0
22,100.0,50.3,3,3,3,1,4,0
18,77.1,45.0,2,3,2,2,0,1
23,83.4,100.0,0,4,1,3,1,0
20,87.3,84.1,0,5,3,2,2,0
24,61.2,65.6,2,5,1,3,0,0
20,86.9,70.4,0,1,3,3,1,0
24,81.5,62.1,0,6,1,2,2,0
25,70.3,74.2,0,1,0,3,0,0
19,62.7,50.6,1,4,1,6,3,1
24,89.1,86.8,0,4,1,1,3,0
20,96.9,73.5,1,4,3,2,1,0
25,82.7,74.2,1,2,1,2,2,1
24,58.5,52.1,0,3,4,3,0,1
18,64.1,80.5,2,3,2,3,2,0
19,73.5,52.6,0,2,2,3,1,0
24,100.0,56.2,0,0,2,1,2,1
25,76.3,71.8,0,4,2,1,0,1
21,73.0,100.0,0,3,0,3,1,0
17,54.9,73.4,0,4,5,3,2,1
22,70.1,20.0,0,1,2,0,0,0
17,61.5,57.1,0,5,0,3,2,0
17,65.0,83.7,0,1,2,4,3,0
16,81.8,47.4,0,5,2,3,1,0
18,74.0,86.6,1,3,0,6,2,0
21,100.0,73.2,0,3,4,1,1,0
23,96.2,89.8,1,5,0,4,1,0
24,70.9,58.8,0,2,2,2,0,0
22,66.2,57.3,0,2,5,4,1,0
19,100.0,81.3,0,3,1,0,1,0
21,100.0,69.8,0,2,1,5,1,1
20,47.1,68.6,0,3,0,4,0,1
23,81.4,100.0,0,2,0,0,0,0
16,76.2,82.1,3,5,0,4,2,0
16,89.7,30.2,3,4,4,3,0,1
21,100.0,86.0,0,0,4,2,1,0
25,72.7,84.0,1,5,3,3,0,0
17,49.1,93.7,0,3,2,1,1,0
20,88.7,51.2,0,3,4,3,4,0
16,100.0,76.5,1,3,2,3,2,0
22,75.4,72.2,0,4,2,1,0,0
16,69.4,50.8,0,3,2,5,1,0
19,73.4,88.9,0,4,0,1,3,0
24,92.8,65.2,0,1,4,1,2,0
16,73.2,93.1,0,6,3,4,0,0
19,84.9,55.1,0,4,3,1,2,0
21,80.4,40.8,0,2,3,2,0,0
21,78.9,65.1,0,4,3,3,1,1
23,90.5,74.6,1,4,0,2,0,0
16,72.8,59.3,0,1,2,1,4,0
22,73.5,20.0,1,2,4,2,2,0
16,92.0,77.7,1,0,0,2,0,1
22,65.2,77.6,1,5,5,2,1,1
18,66.8,83.7,1,4,2,2,0,0
23,61.1,62.4,0,3,1,1,0,1
18,92.7,61.3,0,1,2,2,1,0
16,78.4,98.8,0,3,4,0,1,0
23,60.3,38.5,3,3,2,2,0,0
18,92.8,65.1,0,4,3,1,1,0
17,71.7,72.8,0,6,2,2,1,0
16,66.9,82.1,0,3,3,2,1,1
18,77.1,73.4,3,3,1,1,0,0
17,100.0,51.6,0,3,0,1,0,0
17,74.1,93.4,0,5,1,0,1,0
21,88.6,70.0,0,2,1,5,1,0
16,90.9,36.6,3,3,1,3,1,0
17,86.6,74.2,0,4,3,2,3,0
21,99.1,79.5,0,0,2,4,0,0
18,69.4,100.0,1,2,0,3,1,1
19,64.3,78.2,0,4,0,1,0,0
16,64.1,40.4,2,2,0,2,0,1
23,77.8,41.1,0,3,2,5,1,0
22,65.8,95.2,0,3,0,1,2,0
22,82.2,53.9,2,3,2,4,2,0
18,81.2,39.0,3,1,2,5,2,0
25,95.3,90.0,0,6,2,1,0,0
25,84.4,60.5,0,0,3,3,1,0
18,73.8,88.9,1,4,1,1,2,0
17,86.2,51.7,0,1,1,1,1,0
16,64.5,99.5,2,3,1,2,3,0
22,79.4,87.4,2,2,0,1,0,0
22,84.8,55.5,0,1,1,3,2,0
17,81.9,36.8,3,1,3,3,1,1
22,86.2,100.0,0,3,1,2,1,1
23,70.3,65.8,1,3,5,3,1,1
16,97.3,54.7,0,1,1,4,1,0
24,100.0,97.7,2,6,3,2,4,0
22,56.0,88.9,1,2,3,1,0,0
18,61.8,93.7,1,3,2,2,0,0
23,80.6,68.0,2,2,2,4,2,0
22,76.2,100.0,0,3,2,1,0,1
23,100.0,43.8,0,5,4,2,1,0
21,83.3,59.0,2,3,2,3,2,1
24,100.0,77.8,1,2,0,3,2,1
20,49.3,93.4,2,2,2,3,3,1
18,92.2,83.2,2,5,1,3,2,1
18,69.3,68.3,0,1,4,3,2,0
16,69.0,60.5,0,3,3,2,3,0
23,76.3,93.5,0,2,0,2,1,0
17,58.6,85.3,1,2,1,2,1,1
18,86.6,52.5,0,2,0,3,2,0
23,82.9,51.9,1,5,4,2,0,0
23,84.0,59.1,0,4,4,2,0,0
19,93.3,56.5,0,4,1,5,2,0
19,100.0,90.6,0,2,2,3,3,0
20,74.5,78.7,0,3,4,4,1,1
21,87.2,81.2,1,3,1,1,0,0
20,84.4,73.8,0,4,1,1,1,0
22,85.7,74.8,0,1,2,2,1,0
17,85.9,38.4,0,6,0,1,1,0
22,100.0,85.9,1,3,0,7,1,0
25,73.1,58.7,1,6,5,2,0,0
22,57.1,69.3,0,0,2,3,1,0
16,69.5,60.5,1,2,2,2,2,0
22,91.4,72.9,0,1,2,0,2,1
20,80.3,81.5,0,5,3,5,0,1
18,73.0,49.8,1,3,2,1,1,0
18,63.9,75.1,0,5,1,1,0,0
19,83.3,61.0,1,5,1,5,3,0
17,89.7,96.4,0,4,3,2,0,0
17,84.6,47.7,3,4,1,2,3,0
16,76.2,49.9,0,4,0,1,2,0
20,82.2,62.8,0,4,2,2,1,1
19,82.1,51.5,2,3,0,3,1,0
25,82.8,65.5,0,4,5,2,2,1
17,62.2,59.4,0,5,3,3,0,0
18,83.0,71.8,0,3,1,2,0,0
22,73.4,90.2,0,6,1,2,0,0
22,95.6,71.4,0,0,2,2,1,1
19,82.0,73.2,0,3,2,2,1,0
20,92.5,48.9,1,1,3,1,4,1
20,75.5,67.3,0,1,2,2,0,0
21,76.0,61.6,1,5,2,4,2,0
24,100.0,83.6,0,6,5,2,0,0
17,86.5,54.7,0,5,2,3,1,0
20,69.3,52.8,0,6,2,3,0,0
18,93.5,76.3,0,2,3,4,3,0
19,72.0,100.0,0,1,4,1,0,0
25,83.4,66.5,0,3,3,3,2,0
21,100.0,73.4,0,5,3,3,0,0
23,58.5,89.0,0,0,2,4,2,0
16,77.4,80.2,0,7,2,4,1,0
25,86.1,80.3,0,4,1,0,0,0
23,91.5,68.1,1,6,3,1,1,0
22,61.4,68.5,0,3,1,2,0,0
16,57.0,54.9,0,3,0,2,1,1
17,96.4,79.7,0,5,4,0,0,0
18,69.2,79.3,0,5,2,3,2,1
16,68.6,84.3,0,2,1,1,1,0
24,100.0,60.2,2,6,1,5,0,0
23,81.0,86.6,1,5,2,3,2,0
17,81.1,92.7,1,0,2,2,0,0
24,77.3,45.7,1,1,0,1,1,0
22,61.6,64.1,0,3,0,1,1,1
24,90.1,93.5,0,3,1,6,3,0
21,86.1,57.0,1,4,1,5,0,0
21,82.5,80.6,0,1,1,2,1,0
19,78.3,70.2,0,4,2,1,1,0
25,75.6,76.6,1,4,1,3,1,0
25,93.7,70.8,1,2,0,2,1,0
17,77.9,84.9,0,3,4,0,0,0
22,79.0,49.6,0,2,4,1,1,0
20,87.9,51.7,1,1,1,1,1,0
21,83.1,99.3,1,4,1,0,1,0
17,100.0,100.0,1,6,2,2,0,0
20,53.6,69.9,3,2,3,1,0,0
25,84.5,100.0,0,3,5,1,1,0
19,69.4,54.6,0,2,2,2,1,0
24,65.9,59.4,0,2,3,1,0,0
21,73.1,99.1,0,3,4,3,1,0
17,80.8,86.1,2,4,2,2,1,0
16,81.5,100.0,3,0,1,1,0,0
20,57.2,79.4,0,6,2,3,2,0
24,71.9,49.7,0,0,1,4,3,1
21,84.2,74.5,0,5,0,4,0,0
25,66.8,94.0,1,5,3,2,0,0
22,63.3,67.3,0,3,1,2,1,0
20,46.2,64.3,0,1,0,4,0,0
25,70.1,79.7,0,4,4,2,2,0
21,62.8,58.8,0,4,2,3,1,0
20,65.2,75.9,2,5,1,1,0,0
24,75.9,71.3,0,4,1,1,0,1
21,71.0,60.2,0,3,1,3,0,0
23,62.5,89.6,0,5,1,6,0,0
17,48.3,82.9,0,7,4,3,1,1
24,84.5,62.9,1,4,1,2,0,1
20,91.3,69.7,0,5,2,4,1,0
22,74.0,64.6,0,4,0,5,0,1
25,76.0,57.2,1,4,4,1,2,1
16,80.0,36.0,0,4,3,0,0,1
25,100.0,60.3,1,4,4,4,0,0
20,56.5,57.5,0,3,2,2,0,0
25,73.8,72.3,0,4,4,7,2,0
17,54.2,78.8,1,4,4,2,1,1
21,85.4,54.0,1,3,3,2,0,0
16,77.8,77.5,0,3,0,1,0,0
18,83.0,50.9,0,5,0,0,4,0
20,82.3,67.5,0,4,1,3,2,0
19,94.9,58.0,0,1,1,2,1,0
18,88.1,84.9,0,5,3,2,1,0
25,92.5,72.3,1,5,2,2,1,0
20,64.0,67.8,0,3,2,1,0,0
23,97.9,57.5,0,2,1,2,2,0
19,69.2,63.4,0,6,1,3,2,1
16,70.0,100.0,0,5,1,4,1,0
22,84.1,60.0,1,2,2,1,2,0
23,84.5,79.6,0,1,3,3,1,1
18,63.9,67.7,0,3,1,1,0,0
21,77.4,79.0,3,4,3,2,0,1
17,100.0,86.7,0,2,2,1,1,0
22,58.0,62.9,0,3,4,3,0,0
23,100.0,84.2,0,3,1,3,1,0
21,76.4,100.0,3,5,2,2,0,0
21,44.9,81.4,3,3,0,2,0,0
20,59.5,100.0,0,3,2,4,2,0
23,65.5,79.6,0,6,2,3,4,0
16,70.6,51.4,2,2,3,2,1,1
25,78.4,75.5,0,2,1,8,1,0
19,39.4,63.4,0,5,1,2,2,1
19,82.8,58.1,1,2,3,4,1,0
18,64.2,68.5,0,5,2,2,0,0
18,100.0,66.9,0,1,2,7,1,0
19,75.9,48.8,1,1,4,2,1,1
16,94.1,100.0,0,6,2,5,1,0
17,96.7,86.2,0,3,3,2,0,1
24,96.2,74.9,0,4,3,2,2,0
25,71.5,71.8,0,2,4,6,0,0
17,71.3,94.0,0,2,3,4,0,0
20,76.6,100.0,0,5,0,4,0,0
24,89.5,83.7,1,3,2,3,0,0
24,72.3,72.4,2,3,5,2,2,0
23,78.2,99.5,0,0,1,2,1,0
16,84.1,72.8,1,3,2,4,2,1
16,66.4,78.7,1,5,4,2,1,0
24,65.5,90.0,1,5,2,1,1,1
23,77.6,62.3,0,4,2,2,1,0
25,79.6,28.5,2,4,0,0,1,1
24,86.5,61.3,0,3,2,4,1,0
22,90.1,85.5,0,3,1,4,1,0
18,63.5,84.1,0,4,5,8,3,0
18,67.8,96.9,1,2,3,3,2,0
17,65.4,62.1,0,2,3,1,0,0
20,100.0,100.0,0,6,2,3,0,1
18,78.2,73.7,1,0,1,1,1,0
21,80.2,82.1,2,1,1,6,0,0
17,80.9,88.1,1,4,1,2,0,1
18,69.3,42.4,0,4,2,5,0,0
20,100.0,49.9,0,3,2,4,1,0
16,86.2,49.2,1,3,2,4,1,1
16,80.6,91.4,0,6,2,7,1,0
25,63.4,63.9,1,4,5,3,4,0
24,62.6,100.0,0,5,1,3,1,0
22,75.4,70.1,2,0,3,4,0,1
16,69.5,40.6,0,2,1,1,1,0
23,64.0,56.6,0,3,2,0,0,1
18,74.4,72.3,2,2,1,2,3,0
23,76.8,80.3,0,1,2,3,0,0
20,82.1,50.3,0,2,1,1,4,0
16,72.4,81.4,1,3,0,1,1,1
22,64.9,86.7,0,4,4,5,2,0
20,65.4,57.2,0,5,1,2,1,0
21,98.2,100.0,0,0,2,3,3,0
21,61.2,59.3,0,3,2,2,1,0
23,85.4,50.0,0,1,2,1,1,0
24,87.8,39.4,1,3,3,3,1,0
17,78.2,94.4,1,3,2,2,2,0
24,100.0,70.5,0,3,1,4,2,0
25,87.5,60.4,0,5,0,1,0,0
24,100.0,40.5,2,5,3,3,0,0
25,70.2,62.2,3,4,2,2,0,0
25,70.5,100.0,0,5,4,2,1,0
22,87.9,27.1,1,4,2,4,2,0
16,76.1,57.4,1,5,3,0,0,0
22,100.0,100.0,0,4,4,1,1,0
25,85.1,95.0,0,3,3,0,1,0
20,64.3,58.6,0,4,2,3,2,0
21,53.9,74.1,1,0,2,1,1,1
25,78.8,79.3,1,4,2,3,0,1
22,78.7,72.7,1,6,2,2,3,0
20,84.7,100.0,0,4,1,4,0,0
22,98.2,76.8,1,0,3,4,2,0
24,96.2,92.7,1,3,1,2,0,1
18,71.3,73.6,2,5,0,6,0,0
23,60.6,29.4,0,6,3,3,2,0
17,61.5,46.2,1,3,1,5,2,0
22,68.9,50.3,0,5,3,0,1,1
17,74.5,65.0,1,5,4,3,1,0
19,84.6,100.0,1,1,4,4,1,0
22,68.0,77.2,0,5,3,5,0,1
18,84.2,67.9,1,3,2,2,2,0
17,85.4,94.8,0,4,2,3,2,0
25,82.2,41.0,1,3,2,4,2,0
22,63.1,60.2,0,4,1,5,1,0
16,87.0,57.3,1,4,2,3,1,0
23,100.0,78.0,2,3,3,1,1,0
18,83.7,87.9,0,5,1,2,1,0
17,35.7,79.4,0,5,1,1,1,0
18,98.6,79.7,0,5,3,2,3,1
20,69.5,62.8,0,3,1,4,0,0
23,100.0,76.4,0,0,1,0,0,0
25,81.7,53.2,1,3,0,7,1,0
22,54.7,83.5,2,5,3,1,0,1
22,49.0,60.0,2,2,3,1,2,0
22,100.0,47.6,0,7,3,2,0,0
23,96.6,70.8,1,5,1,1,2,1
16,100.0,31.7,1,4,3,2,1,0
19,80.2,99.5,0,4,2,0,0,0
21,79.2,85.9,0,4,2,4,2,1
24,74.3,76.7,0,4,2,4,1,0
17,70.1,37.5,1,3,2,4,0,0
16,74.1,56.0,0,5,2,6,0,0
25,83.3,70.8,1,4,3,1,1,0
17,67.3,64.7,0,5,1,4,1,1
22,55.0,36.2,3,5,2,2,1,0
18,82.4,43.7,0,1,2,4,1,0
25,67.0,64.3,1,1,2,1,1,0
17,31.4,44.3,0,5,2,2,1,0
22,88.3,97.4,0,2,4,0,1,0
17,63.4,79.9,1,4,4,4,0,0
18,89.9,53.9,3,3,3,1,1,1
22,89.6,93.4,0,0,3,6,1,1
19,84.3,89.4,0,0,0,3,0,0
16,100.0,75.8,0,5,3,1,0,0
20,77.9,69.2,0,4,2,8,0,1
24,75.7,64.0,0,3,2,2,1,0
23,90.3,59.2,1,6,1,2,1,0
24,79.2,43.3,2,2,0,0,1,1
25,97.4,100.0,0,2,0,3,4,0
24,61.0,59.6,0,5,1,4,1,0
22,61.2,70.6,0,5,0,0,2,1
19,91.5,51.8,0,3,3,2,0,0
20,62.5,64.8,0,6,1,3,0,0
16,89.1,100.0,0,6,2,2,0,0
16,85.6,55.5,0,0,4,3,1,1
18,69.6,99.0,0,2,1,2,1,0
23,85.5,69.4,0,5,4,2,1,0
17,61.5,83.6,0,3,3,3,1,0
19,65.0,94.9,0,1,2,0,0,0
17,76.4,75.4,2,5,1,2,1,1
20,81.2,63.0,1,3,0,3,0,0
24,75.4,66.3,2,3,2,1,1,0
16,86.5,67.0,0,2,1,2,2,0
20,85.8,100.0,0,4,1,0,2,0
24,100.0,40.3,0,4,0,3,0,1
16,78.6,34.6,0,2,2,4,0,0
24,97.9,35.9,1,3,1,4,1,1
23,93.8,52.1,0,4,3,0,0,1
19,100.0,84.0,0,6,1,2,3,0
25,78.1,85.2,0,6,3,1,1,0
20,73.7,57.8,0,2,1,2,3,0
20,98.9,69.4,3,4,3,0,3,1
21,85.8,47.7,0,5,2,1,1,0
22,99.2,49.5,1,5,2,2,0,0
23,90.8,81.6,0,4,0,3,2,0
23,48.4,91.0,3,0,2,5,0,0
17,85.6,60.5,0,5,1,5,1,0
24,84.7,100.0,1,1,2,2,0,1
22,82.0,89.3,0,1,1,2,1,0
19,78.0,100.0,1,4,2,1,0,0
19,56.1,64.0,0,7,1,1,0,0
23,93.1,100.0,0,2,1,2,1,0
19,85.6,100.0,2,4,2,0,4,0
21,96.5,61.7,3,3,5,1,0,1
20,56.9,66.9,0,5,2,2,1,1
18,87.6,51.0,1,4,3,3,1,0
25,76.5,47.1,0,2,2,4,0,1
17,82.2,47.3,1,2,2,0,1,0
24,76.7,53.8,1,3,0,2,2,1
25,88.2,75.5,0,1,1,3,0,1
24,77.6,54.6,2,1,4,1,2,0
16,64.2,74.9,1,4,2,1,2,0
25,81.3,75.3,0,3,3,5,0,1
18,76.8,60.6,1,4,2,0,1,0
23,78.7,68.7,0,1,2,4,1,0
21,32.2,59.4,1,4,2,4,1,1
20,90.2,63.8,1,3,2,4,1,0
20,75.3,53.8,0,1,1,4,0,1
21,59.8,71.7,1,3,2,6,2,0
22,93.8,58.0,0,1,2,2,1,0
16,89.5,46.7,0,5,5,3,2,0
24,75.1,81.9,0,4,2,0,0,0
18,62.7,82.5,0,4,3,1,2,1
19,82.7,92.2,1,1,1,3,1,0
25,81.8,49.5,0,2,0,3,2,0
16,93.9,60.4,0,3,4,2,1,0
25,73.3,74.6,1,4,3,2,1,1
18,97.9,60.0,0,2,2,4,0,1
17,71.9,81.4,0,0,2,3,2,0
17,59.8,80.0,0,3,1,3,1,0
16,63.0,79.6,1,3,3,2,4,0
23,79.1,99.2,0,2,0,1,1,1
18,79.0,82.9,0,3,3,1,1,1
18,84.9,73.1,0,3,2,3,1,0
21,78.6,66.1,1,3,1,2,1,1
23,94.7,67.5,0,3,4,2,2,0
24,76.1,48.7,3,4,5,1,0,0
24,50.1,34.7,1,0,1,1,1,0
19,78.2,79.3,2,2,4,1,1,0
20,49.9,94.5,0,3,3,3,1,0
17,84.1,63.4,0,3,3,3,1,0
24,95.9,100.0,2,3,5,1,1,0
23,65.2,66.5,0,5,2,6,1,0
18,100.0,30.9,0,5,3,1,0,0
24,92.6,88.4,0,2,4,3,2,0
18,98.1,60.4,3,5,2,1,0,1
24,82.8,90.2,1,3,2,3,1,0
17,65.1,44.4,0,2,2,3,1,1
25,91.7,78.2,1,7,3,0,0,0
24,70.6,54.0,0,5,3,5,1,1
23,81.8,74.0,1,7,2,0,1,0
24,77.4,85.3,0,2,2,2,2,0
20,96.9,80.7,1,1,0,5,1,0
17,91.0,71.4,0,3,0,2,0,0
23,78.8,42.4,0,4,2,0,1,0
21,50.7,84.6,0,2,2,3,0,0
23,70.5,90.6,0,5,3,5,2,0
20,90.6,49.1,1,3,2,2,1,0
25,84.2,52.1,0,3,4,3,2,0
17,57.5,91.5,0,4,1,1,1,0
21,52.9,65.8,0,4,5,2,2,0
20,82.9,52.6,0,0,1,2,1,1
20,64.1,75.5,0,7,3,4,0,0
16,65.6,57.2,0,3,2,0,0,0
17,90.1,73.2,0,1,2,3,2,0
23,98.0,61.7,0,5,1,0,2,0
18,68.7,63.4,0,7,1,2,0,0
25,79.3,92.2,2,5,3,3,2,1
18,78.9,20.6,1,5,2,1,2,1
23,77.5,81.1,0,4,5,0,1,0
23,80.6,88.9,1,6,2,3,1,0
17,91.3,57.6,1,0,5,3,0,0
23,69.9,88.8,0,5,1,4,2,0
16,57.1,50.8,1,4,1,4,1,0
21,100.0,56.8,0,0,2,1,1,0
23,96.3,54.5,1,3,4,3,2,0
18,63.4,89.0,0,3,2,4,0,1
23,82.0,35.1,0,4,1,0,2,1
16,95.2,100.0,0,1,1,1,0,0
24,91.2,63.9,3,5,2,2,2,1
24,86.9,82.3,1,1,2,4,1,1
20,77.4,80.6,0,3,2,0,1,0
25,100.0,73.0,0,5,3,4,1,0
19,83.3,58.0,0,4,3,2,2,0
21,72.3,94.8,0,3,4,2,1,0
22,93.1,59.7,0,0,2,3,0,1
20,81.4,55.4,0,4,2,3,1,1
25,85.2,87.6,2,7,5,3,2,0
24,83.0,72.9,1,6,2,10,1,0
18,87.5,97.2,0,4,2,0,1,0
22,65.3,68.7,0,1,4,1,2,0
25,58.2,57.0,2,2,0,1,2,0
25,100.0,75.5,1,2,2,2,0,0
20,83.7,61.0,1,3,0,3,1,0
22,91.6,57.6,3,2,1,4,0,0
17,53.6,86.6,1,2,0,2,2,0
19,96.0,100.0,0,4,0,1,2,0
17,72.2,65.1,0,3,2,3,2,0
22,67.9,50.5,3,4,4,1,2,0
17,79.0,66.9,0,6,2,3,1,0
16,65.3,80.3,0,4,3,3,1,0
24,80.0,75.1,0,5,2,1,1,0
16,78.0,93.9,1,5,4,3,0,0
23,95.9,83.3,3,3,4,1,3,1
17,100.0,47.9,0,0,4,5,1,0
23,100.0,60.1,0,1,4,3,3,0
18,46.0,42.4,2,2,1,5,2,1
21,66.0,92.9,0,4,2,1,2,0
18,45.9,30.2,0,6,2,3,1,1
22,62.1,44.3,2,6,2,3,0,0
25,70.3,59.8,0,0,2,2,1,0
24,86.2,81.3,0,7,0,1,1,0
17,72.2,59.6,1,3,1,0,0,1
20,72.6,62.7,0,5,4,3,0,0
21,82.7,63.1,2,2,3,3,1,0
19,54.4,73.5,0,1,1,3,2,0
19,67.4,45.6,0,3,1,1,2,0
19,72.4,51.1,0,5,3,1,0,0
17,77.0,100.0,0,2,2,2,3,0
19,81.2,78.0,1,2,2,3,1,1
16,100.0,85.2,1,6,0,4,2,1
21,93.6,71.2,2,6,1,7,1,0
16,68.5,67.2,0,0,2,1,2,1
25,76.1,79.1,1,4,3,0,2,0
21,75.1,84.6,0,3,0,2,1,0
16,72.3,86.9,1,3,2,4,1,0
21,84.1,67.5,1,3,3,1,2,1
25,52.1,89.1,0,3,3,1,3,0
23,93.2,20.7,0,3,1,1,2,1
17,100.0,87.8,0,4,3,2,0,0
17,76.0,61.5,0,3,5,2,1,0
19,75.7,81.1,3,4,4,5,1,0
18,82.4,57.0,0,4,3,1,2,1
19,95.3,43.5,0,3,3,3,2,0
22,75.1,76.8,0,1,1,4,0,1
16,94.0,40.0,1,4,3,1,3,1
21,87.3,62.0,0,5,3,2,1,0
18,100.0,53.8,0,4,2,3,0,0
25,75.1,66.5,0,4,2,6,1,0
22,50.4,85.9,1,2,3,1,0,1
25,58.5,60.2,0,4,5,3,1,0
17,80.2,76.3,1,3,1,2,0,0
17,95.4,84.8,0,6,1,1,1,0
19,70.2,57.9,0,4,3,3,2,1
16,76.5,58.1,0,2,1,2,1,0
18,90.3,97.4,0,3,2,3,0,1
24,65.5,68.4,0,5,0,1,1,0
22,70.8,80.2,0,3,2,3,1,0
22,62.5,80.0,1,3,3,5,3,1
19,97.7,46.0,0,4,0,1,1,0
17,100.0,54.8,0,5,1,1,0,0
19,56.3,77.5,2,2,2,1,1,1
21,77.9,28.7,0,4,2,0,2,0
18,100.0,65.8,1,6,3,4,0,0
16,86.0,52.7,1,6,2,2,1,0
23,72.7,92.2,0,4,2,1,2,0
20,56.8,76.9,1,7,2,0,0,1
20,97.3,93.8,0,4,0,6,0,0
19,85.4,69.2,0,3,3,3,1,0
21,57.9,67.7,0,4,0,2,2,0
18,97.8,63.9,0,1,4,3,2,0
24,56.0,59.9,0,3,2,5,1,0
20,76.7,100.0,0,3,2,4,1,0
18,76.0,86.1,0,5,3,6,1,0
16,100.0,48.7,0,5,4,1,2,1
25,76.1,100.0,0,4,4,3,1,1
21,76.0,61.9,0,3,2,2,1,0
17,59.6,76.4,0,2,1,0,1,0
18,70.4,88.8,0,3,4,4,2,1
16,67.7,39.2,0,4,0,2,1,0
24,68.5,53.5,0,2,4,6,0,1
23,80.1,100.0,2,3,3,2,0,1
17,43.5,65.5,1,3,4,3,2,0
23,57.3,90.0,0,5,4,2,4,0
24,78.3,60.9,1,5,0,5,1,0
16,81.8,68.1,0,4,3,8,1,0
20,76.5,100.0,0,3,1,3,0,0
23,79.4,78.8,2,3,0,4,0,1
17,73.9,63.1,0,1,2,3,1,1
19,79.7,56.3,2,2,0,4,0,0
22,86.5,58.2,0,2,3,3,2,1
18,86.4,94.8,0,1,5,5,1,0
20,69.7,85.3,0,2,2,5,2,1
23,93.7,47.0,0,2,1,2,2,1
25,82.4,71.7,0,1,4,4,0,0
18,98.5,68.7,0,4,4,1,0,0
19,100.0,76.3,1,7,3,4,2,0
24,58.4,57.9,0,5,3,3,2,0
22,67.1,92.0,0,0,4,1,1,0
16,92.2,70.0,0,3,1,5,0,0
19,55.0,77.5,2,5,4,3,2,0
19,100.0,54.3,0,1,4,2,0,0
24,74.8,55.3,0,5,4,3,0,1
21,88.6,100.0,3,4,1,4,3,0
24,78.3,100.0,0,6,4,3,2,0
21,59.1,68.6,0,5,2,1,1,0
21,95.8,100.0,1,4,2,1,0,0
20,100.0,94.3,1,4,4,2,1,0
20,72.3,57.5,0,2,0,0,1,0
17,75.2,55.5,0,1,2,1,2,0
23,40.3,83.4,1,3,4,2,1,1
23,100.0,75.2,0,2,4,2,3,0
16,93.7,62.0,2,1,4,5,0,1
23,54.0,84.4,0,3,1,5,0,1
20,49.0,41.2,0,5,3,5,1,1
17,50.8,72.3,0,0,1,1,1,0
17,89.7,45.2,1,2,3,0,2,0
21,91.2,45.9,2,3,1,2,2,0
24,66.1,55.9,1,3,3,3,0,0
16,87.5,77.3,2,2,2,5,2,0
21,82.4,56.5,0,6,5,3,0,0
24,74.5,45.6,0,4,2,3,0,0
23,94.6,79.5,1,3,3,3,1,0
21,61.9,99.9,2,0,2,4,0,1
18,97.2,82.8,1,3,3,6,1,0
23,69.1,100.0,1,5,2,3,1,0
24,100.0,98.2,0,2,0,4,0,0
16,64.9,60.3,0,3,3,5,0,1
24,74.7,82.6,2,0,4,3,1,0
21,80.9,68.2,0,6,1,5,1,0
21,80.8,91.2,0,1,1,6,1,0
19,87.4,68.2,1,5,3,5,2,1
16,60.7,54.2,0,3,4,2,0,0
25,79.4,97.5,1,4,1,3,1,1
23,82.1,76.4,0,4,4,1,1,0
17,72.1,56.7,1,1,4,1,2,1
16,86.1,60.0,1,3,1,6,2,0
17,59.8,56.6,0,3,1,3,0,0
16,75.1,50.0,0,1,3,3,0,0
16,68.7,60.4,0,5,5,2,1,0
24,75.1,77.5,0,0,3,2,2,0
16,100.0,71.3,0,4,2,4,0,1
19,100.0,61.2,0,3,1,1,1,1
25,99.1,99.9,0,2,2,5,2,0
21,73.1,29.8,0,4,3,1,2,0
22,93.6,76.1,0,4,2,2,1,1
17,81.7,67.1,1,3,2,4,0,1
21,80.7,50.6,0,3,1,2,0,0
22,78.8,77.3,2,2,2,3,1,1
25,100.0,65.6,1,5,0,4,0,0
25,100.0,94.9,1,3,0,4,3,0
17,91.2,87.4,1,2,4,1,0,0
17,77.4,100.0,0,5,1,0,0,1
25,80.6,60.3,1,0,2,3,0,0
22,88.0,97.9,0,2,1,3,1,0
16,72.2,46.7,2,3,1,3,1,1
23,94.1,67.8,2,5,2,2,1,0
18,66.2,60.7,0,6,1,1,2,0
21,85.9,82.0,0,4,0,3,1,0
24,45.7,81.6,0,3,4,2,0,0
21,71.7,52.0,1,4,0,2,2,0
24,100.0,83.2,0,3,0,3,2,0
22,95.5,62.4,0,2,4,0,0,0
24,100.0,53.7,0,6,1,5,0,0
17,70.0,69.8,0,1,3,0,2,1
23,81.6,40.5,3,3,1,1,1,0
23,99.2,88.6,1,5,1,3,1,0
17,89.5,68.9,0,4,2,3,2,0
19,87.6,69.3,0,0,5,1,0,0
22,100.0,68.3,0,0,0,2,1,0
19,64.4,100.0,0,3,2,0,0,0
19,77.2,100.0,1,3,0,2,0,0
21,53.7,97.0,0,3,1,2,1,0
25,63.6,68.3,0,3,4,4,0,0
21,96.1,47.7,2,7,0,4,2,0
25,66.2,69.7,2,2,4,1,0,0
18,91.0,76.3,0,3,1,2,0,0
24,100.0,86.3,0,3,4,2,0,0
25,77.3,76.2,0,2,2,1,2,0
17,87.8,49.5,1,2,4,1,1,1
21,91.1,59.3,3,6,1,5,1,0
22,61.7,57.5,0,5,3,3,1,0
24,70.8,80.8,0,2,3,1,1,1
18,64.9,81.3,2,5,2,1,0,1
25,71.9,83.9,1,2,4,1,2,0
18,90.7,76.0,3,4,3,3,3,0
22,71.1,28.8,0,1,4,1,1,1
19,79.5,35.5,0,5,2,2,1,1
23,64.4,67.2,0,1,2,3,2,0
22,98.4,72.0,0,4,4,3,1,0
20,71.8,95.1,0,5,1,2,2,1
22,100.0,71.6,0,1,2,5,0,0
18,80.9,50.5,0,3,5,4,1,0
17,58.9,83.2,2,0,2,3,3,0
21,77.4,69.7,0,4,1,0,0,1
17,64.1,62.0,1,3,2,2,0,1
18,88.8,37.7,0,4,4,2,1,0
21,76.1,71.7,1,6,5,2,3,0
20,82.4,74.6,0,3,5,1,0,0
23,74.5,50.1,1,0,3,6,3,0
24,71.7,84.9,0,4,2,4,1,0
18,65.4,83.1,0,5,1,2,4,0
25,92.5,71.0,1,6,1,2,2,0
18,77.4,70.2,0,2,0,5,1,0
18,75.3,88.9,0,3,0,4,2,0
21,77.0,77.4,2,5,4,6,0,0
16,69.8,56.0,2,5,4,1,3,1
22,75.3,66.0,0,4,2,1,0,0
16,83.1,81.1,0,2,5,3,0,0
20,64.5,29.4,0,2,5,1,1,0
25,66.7,51.4,0,1,3,4,0,0
23,100.0,83.6,3,6,2,2,2,1
19,74.6,94.2,0,2,1,3,2,0
20,71.7,90.4,0,4,2,4,0,1
19,59.8,87.9,3,4,1,2,0,1
19,92.8,72.6,0,3,2,2,1,0
23,64.2,49.4,1,3,4,3,2,0
17,79.8,66.1,0,4,2,4,2,0
16,54.4,30.1,0,3,1,0,0,1
18,92.3,96.0,0,2,2,2,3,0
24,97.7,53.7,0,3,3,1,0,1
19,87.3,59.3,0,5,1,4,1,0
25,57.0,91.2,0,6,1,5,0,0
20,92.6,37.7,0,4,5,0,1,0
17,67.6,46.2,0,5,1,2,1,0
19,62.4,75.4,0,3,4,2,1,0
17,74.2,80.4,0,4,2,2,2,0
17,73.9,68.6,0,7,2,2,1,0
19,72.4,69.2,1,3,1,3,0,0
21,99.1,95.4,0,1,3,2,1,0
22,100.0,82.7,0,6,4,2,0,0
25,59.5,80.0,1,5,1,0,1,0
18,69.7,85.5,0,3,0,3,1,0
18,82.1,64.0,1,7,1,2,0,0
25,74.2,100.0,1,3,3,2,1,0
21,86.0,23.8,0,3,2,3,2,0
18,93.7,99.2,0,4,1,2,1,0
17,91.2,88.0,3,2,2,1,3,0
23,89.1,75.0,0,4,2,3,1,1
20,100.0,71.6,1,2,4,0,3,0
16,56.2,66.9,0,1,3,2,1,1
18,100.0,92.1,0,3,1,0,2,0
25,73.8,69.2,0,4,1,3,1,1
23,91.8,55.4,0,1,2,2,0,0
19,64.6,88.0,0,6,0,3,2,0
22,66.4,100.0,1,4,3,0,2,0
25,89.9,31.5,2,2,2,5,2,0
17,51.1,100.0,1,3,2,2,0,1
22,94.8,49.3,0,5,2,0,2,0
20,98.9,50.8,2,3,3,8,0,0
20,82.7,45.1,1,2,2,5,0,0
21,82.1,70.0,2,1,4,1,2,0
24,67.5,44.4,0,3,3,1,1,1
21,90.1,46.8,1,3,3,3,4,0
23,85.2,56.2,0,4,3,3,1,1
22,66.2,72.8,0,6,1,3,3,0
24,74.1,74.7,3,2,0,1,1,1
19,77.6,94.8,0,5,4,4,1,0
17,74.1,94.4,0,6,4,4,1,0
22,59.6,90.5,2,6,3,4,2,0
21,90.5,64.8,0,6,3,4,2,0
16,76.3,33.2,2,5,1,2,1,0
24,80.2,32.7,1,4,2,1,2,1
24,71.3,90.4,0,3,5,2,1,0
17,87.1,86.9,0,3,4,0,2,1
18,83.0,57.7,1,5,2,5,4,0
20,98.2,41.2,0,3,2,0,0,0
20,87.2,49.1,2,2,2,5,1,1
16,77.0,73.5,2,1,2,1,1,1
23,68.9,73.5,0,5,2,3,1,0
23,93.0,90.9,0,5,3,6,2,0
19,75.8,61.0,2,3,0,1,1,1
22,77.4,65.1,0,2,3,2,0,1
25,77.4,92.5,0,4,3,3,2,0
18,74.0,27.5,1,0,4,3,1,1
21,77.7,76.3,2,4,4,2,1,0
25,100.0,63.3,1,3,2,1,0,0
25,64.3,84.3,0,6,3,4,0,0
24,67.8,80.3,1,3,2,0,0,1
16,100.0,56.1,1,4,5,3,2,1
20,74.4,59.9,2,4,1,3,1,0
19,73.2,24.0,3,3,4,4,1,1
23,95.5,85.0,0,2,1,1,0,1
16,58.7,74.8,1,3,1,2,0,0
24,92.3,98.0,3,6,2,3,0,0
21,80.7,62.0,0,3,3,4,1,0
19,87.0,88.3,0,4,1,3,0,1
24,86.7,48.6,2,6,2,3,3,0
20,70.6,20.0,0,5,4,1,1,0
20,95.8,68.1,0,4,1,3,1,0
20,71.7,58.7,0,4,2,2,1,0
16,86.1,49.0,0,6,2,4,1,0
16,98.6,88.0,0,6,2,1,2,1
23,100.0,94.2,0,6,3,2,2,0
23,76.0,72.1,3,4,2,5,0,1
21,86.9,66.3,1,3,5,4,1,0
19,74.6,71.3,1,1,2,2,1,1
17,100.0,56.9,0,3,4,4,3,0
17,91.7,81.3,1,6,3,1,1,0
24,81.3,39.2,1,5,4,2,0,0
20,84.7,48.5,1,3,1,0,1,0
19,86.1,54.2,0,3,1,7,1,0
25,86.6,80.8,0,3,2,2,2,0
16,76.4,64.0,1,3,4,0,3,0
22,74.1,97.2,1,4,1,1,0,1
18,77.7,86.1,1,3,5,1,2,0
21,62.9,54.0,0,2,1,2,3,0
20,90.8,82.7,0,3,1,3,3,0
20,68.0,61.8,1,2,1,4,2,0
20,64.1,79.5,0,6,2,2,2,0
16,79.8,87.0,1,3,4,1,0,0
16,78.0,92.3,3,6,1,1,3,1
18,83.7,74.0,1,2,2,1,1,0
25,71.5,100.0,0,2,1,1,0,0
19,74.1,78.8,0,4,3,1,1,0
20,90.4,72.7,1,5,1,6,2,0
17,89.5,63.9,2,4,2,3,1,1
23,88.8,57.4,0,2,3,2,2,0
17,80.5,78.4,0,0,2,2,1,0
24,82.5,72.0,0,4,1,2,0,1
17,83.5,75.2,1,1,1,1,0,0
24,70.2,79.6,1,3,3,1,1,0
22,100.0,75.1,3,4,4,4,0,0
23,100.0,100.0,0,1,4,2,1,0
17,91.9,59.4,1,1,4,4,0,1
22,73.6,78.6,0,1,5,2,2,0
21,88.1,65.4,0,7,2,6,1,0
19,94.7,20.8,1,3,2,1,1,1
22,61.7,66.1,0,6,0,2,0,0
19,100.0,51.3,0,2,2,2,0,0
17,53.9,68.7,1,5,3,4,2,1
25,90.6,69.5,0,2,4,1,1,0
22,100.0,77.7,0,3,1,6,0,0
23,78.3,59.4,0,5,2,3,0,0
17,77.7,61.9,0,5,3,2,3,1
20,90.0,84.0,2,5,2,1,1,0
16,100.0,53.8,0,5,1,1,0,0
22,75.8,33.2,1,2,3,3,0,0
23,68.3,73.1,0,3,1,3,2,0
21,73.6,91.4,0,3,4,5,2,0
20,56.7,83.8,0,5,5,5,1,1
21,93.5,73.5,2,2,2,7,0,1
17,72.3,95.0,0,6,2,1,1,1
16,76.9,91.6,1,3,3,3,1,0
22,93.6,63.4,0,4,2,6,1,0
22,74.3,75.0,3,2,0,1,0,0
25,91.4,75.8,1,3,4,0,0,1
25,64.4,68.3,1,4,2,6,2,1
17,94.4,92.7,2,3,1,1,1,1
17,85.1,67.0,1,6,2,4,2,0
16,78.7,60.0,1,4,1,2,1,0
25,82.0,20.0,0,4,1,3,4,0
23,60.7,54.0,0,5,2,2,3,0
23,81.6,43.7,1,4,2,3,0,0
16,77.9,69.2,0,4,2,3,1,0
23,61.1,44.9,0,2,5,1,2,0
24,69.9,82.2,0,3,4,3,2,0
19,78.1,92.2,0,4,0,0,3,0
16,70.9,69.4,1,5,0,1,1,0
16,43.8,50.3,0,3,3,1,1,0
18,96.1,75.7,3,2,3,1,1,0
20,77.9,100.0,2,4,4,0,1,0
20,45.9,100.0,2,1,3,1,2,0
24,100.0,41.9,0,4,1,1,4,1
25,98.6,41.1,0,4,2,3,0,0
17,74.8,36.0,3,3,4,3,1,0
17,67.4,47.3,2,5,4,4,1,0
21,86.0,75.0,1,3,1,2,1,0
24,83.0,58.9,0,4,2,0,2,0
16,88.1,53.2,0,2,1,0,1,1
24,67.4,90.8,1,3,2,4,1,0
24,96.5,80.6,0,5,0,4,1,0
24,72.9,35.9,1,2,4,2,1,1
20,90.2,89.6,1,3,3,0,1,0
24,68.0,80.1,1,3,4,3,0,0
19,100.0,80.6,0,2,5,0,0,0
17,90.4,58.6,0,2,1,2,1,0
21,100.0,66.3,3,2,3,3,1,0
19,92.4,30.5,1,6,4,2,1,0
21,71.6,87.3,1,4,2,3,2,0
18,92.4,50.0,1,3,3,3,3,0
21,93.5,52.6,1,5,2,5,2,1
17,85.6,52.3,1,0,3,6,1,1
17,89.5,100.0,0,3,2,5,0,0
24,91.4,56.6,0,2,2,4,1,0
22,65.1,88.8,0,1,1,0,1,1
18,64.0,69.5,0,5,0,2,2,1
16,68.1,53.4,0,2,0,3,2,1
23,81.9,49.8,0,5,1,1,1,1
21,76.7,57.4,2,3,2,0,1,0
22,65.4,68.5,0,0,0,2,1,0
24,91.6,82.0,0,4,1,0,3,0
20,84.2,60.6,0,4,3,3,2,0
16,82.5,59.8,1,3,3,2,2,1
25,76.1,52.4,0,2,3,1,1,1
22,74.3,46.1,0,1,4,3,1,1
20,67.4,44.4,0,6,1,3,0,0
18,94.0,89.8,1,3,1,3,0,0
24,69.4,59.4,3,1,2,1,0,0
16,83.1,61.2,3,5,4,2,4,1
16,100.0,56.7,0,2,3,4,0,0
16,75.0,63.7,1,2,2,4,0,1
18,94.4,77.4,0,2,0,2,1,0
21,88.5,60.3,0,4,3,3,1,1
25,84.7,73.6,0,1,1,2,3,0
18,86.5,98.4,0,3,2,3,0,0
23,78.6,53.6,1,5,4,4,3,0
25,80.5,61.2,0,2,2,1,0,0
17,71.8,82.8,0,3,4,3,3,1
24,80.6,99.9,0,3,2,5,1,0
18,71.2,45.2,0,4,3,4,1,0
20,95.1,36.0,1,6,4,3,1,0
25,54.5,70.0,1,3,2,4,1,0
23,87.2,67.9,1,1,3,2,2,0
17,85.0,84.0,0,3,3,1,0,0
21,83.7,81.0,0,2,4,3,0,0
20,95.4,69.3,0,4,0,1,4,0
25,75.7,91.0,3,0,2,5,1,0
24,83.8,56.4,3,2,2,1,3,0
20,54.3,74.2,1,3,4,4,2,0
17,73.8,45.7,0,2,5,2,1,1
20,92.8,69.2,0,4,1,6,0,1
19,59.9,40.8,0,1,1,6,3,0
22,82.4,47.7,2,6,4,1,1,0
21,69.8,100.0,1,2,1,1,0,0
17,78.3,33.5,2,6,1,0,1,0
20,70.7,65.7,1,3,0,1,0,0
22,61.3,86.5,0,5,1,4,2,1
22,85.8,100.0,0,2,3,2,0,1
20,79.3,73.5,0,4,2,4,0,0
24,89.2,74.7,0,3,2,3,0,0
19,91.9,70.8,0,3,4,2,0,0
18,98.4,91.1,1,4,1,1,1,0
19,82.0,78.6,1,4,0,2,1,0
20,99.0,58.5,0,4,4,5,2,0
21,65.4,92.3,0,1,3,3,1,0
18,93.6,60.8,0,2,1,4,1,1
17,86.9,38.0,1,4,2,2,1,0
19,83.5,38.1,0,0,2,3,3,0
20,86.7,66.0,0,2,3,3,1,0
19,65.6,72.1,2,2,0,4,0,0
18,62.0,89.1,0,2,2,3,1,0
23,100.0,82.8,0,3,1,4,0,0
25,77.5,71.6,1,4,4,3,0,1
19,77.3,90.2,1,6,2,2,2,1
17,63.5,70.3,1,3,2,2,2,1
17,57.8,44.2,0,6,0,2,1,0
16,78.7,39.8,0,4,0,5,2,0
19,74.9,95.6,1,6,3,3,0,0
25,80.0,25.1,0,5,3,3,1,0
24,81.3,66.0,1,4,3,1,1,0
22,100.0,100.0,2,3,3,6,1,0
25,74.9,79.2,2,2,1,2,0,0
22,100.0,65.8,0,2,3,0,2,1
22,100.0,36.3,0,6,1,3,2,0
23,91.3,100.0,0,6,0,5,1,0
16,76.5,94.3,1,4,3,5,0,0
25,59.6,83.7,0,5,4,1,0,1
25,87.2,70.0,0,6,3,3,1,0
23,95.3,81.4,0,3,4,2,0,1
19,100.0,67.0,0,4,5,3,2,0
19,65.8,50.5,0,3,1,3,2,1
19,76.3,89.1,0,3,5,4,1,0
21,65.8,69.0,1,0,3,2,2,0
22,70.5,80.4,0,3,4,2,0,0
21,90.0,67.6,0,4,3,5,2,0
16,69.8,79.2,1,3,2,3,0,1
23,67.6,69.7,1,5,3,1,0,1
25,92.0,68.1,0,3,2,3,0,0
22,86.8,70.6,0,1,4,0,3,0
21,85.3,100.0,1,5,1,2,1,0
21,70.2,86.0,0,4,2,3,0,0
20,99.4,100.0,0,2,0,2,1,0
21,80.2,69.8,0,3,1,4,0,1
24,100.0,63.8,0,3,1,5,0,1
25,82.4,48.5,0,6,0,0,2,1
24,45.0,100.0,2,4,2,2,0,0
25,44.3,51.9,1,2,2,0,3,0
23,89.4,100.0,0,3,0,1,1,0
25,99.5,49.7,0,5,1,2,0,0
24,68.2,87.7,1,4,5,3,0,0
25,100.0,38.2,0,5,1,2,1,1
23,100.0,61.2,0,2,2,3,1,0
23,83.2,70.4,1,5,0,8,1,0
16,88.1,58.1,2,5,1,2,2,1
25,93.4,66.6,0,4,3,4,2,1
20,100.0,66.7,1,3,2,4,1,1
19,90.2,86.1,0,5,2,0,2,0
17,82.8,28.3,0,4,1,1,0,0
23,90.1,58.7,0,5,3,3,0,0
18,88.1,95.1,1,3,3,1,2,1
19,93.9,81.2,1,1,1,5,1,0
22,56.4,95.4,1,3,0,2,1,1
25,84.7,85.2,0,3,0,2,2,1
24,86.9,48.3,0,3,3,2,1,1
17,78.9,83.2,0,3,1,8,0,0
18,91.8,72.0,0,3,2,2,1,0
19,100.0,100.0,0,5,1,3,2,0
25,82.1,86.0,3,2,1,3,0,1
16,90.4,80.5,1,3,0,5,1,1
22,100.0,83.4,0,5,2,0,1,0
17,82.4,79.4,0,4,0,2,0,0
20,66.7,78.8,0,4,2,3,0,0
16,89.2,64.7,1,3,2,6,0,0
18,47.0,80.7,1,3,2,2,2,0
17,45.5,89.0,1,2,3,4,1,0
16,85.0,91.2,0,3,3,5,4,0
22,44.8,88.8,0,7,3,1,0,0
20,60.3,100.0,3,4,4,2,3,0
16,74.3,92.5,3,0,1,2,1,0
21,69.2,82.6,0,5,1,5,0,0
20,77.8,47.1,0,3,3,4,0,0
18,96.7,47.1,0,2,2,2,1,1
22,83.6,65.0,2,5,2,0,2,1
25,67.4,70.9,1,2,0,0,2,1
24,100.0,98.0,1,6,2,1,1,0
24,58.6,20.0,0,3,4,2,0,0
24,83.3,49.3,0,4,2,1,0,1
17,56.9,66.1,0,3,5,2,0,0
18,83.8,50.1,2,2,2,4,0,0
22,75.2,54.0,0,4,1,3,2,0
20,96.2,60.0,1,6,2,3,2,0
17,90.8,51.1,0,5,2,2,0,1
18,71.2,54.6,2,4,3,1,2,1
25,68.3,97.3,1,7,2,2,0,1
21,75.3,82.3,0,2,2,2,0,1
22,100.0,85.3,2,1,0,1,0,0
24,100.0,69.3,0,0,1,1,0,0
16,65.5,90.2,0,4,2,3,0,0
22,92.0,87.0,0,5,5,4,1,0
23,54.0,82.0,2,4,1,5,1,0
18,73.3,56.9,2,6,4,3,1,1
19,66.1,61.2,0,4,2,3,1,0
25,96.0,91.2,1,3,0,3,1,0
21,60.6,59.7,1,2,1,3,3,1
25,86.4,44.2,1,6,1,1,2,0
22,80.0,59.3,0,1,5,1,3,1
19,77.4,100.0,0,3,3,1,1,1
23,100.0,59.3,1,3,4,2,1,0
20,100.0,76.6,0,2,4,5,0,0
16,77.8,57.7,0,4,2,1,2,0
19,74.8,85.3,1,2,3,3,0,1
18,57.4,80.7,0,6,3,3,0,0
24,79.9,40.2,3,3,3,4,0,1
23,100.0,75.4,0,4,1,1,1,1
16,78.1,36.3,3,4,2,1,0,0
21,90.9,58.9,0,4,2,2,4,1
24,59.0,69.8,0,6,0,1,0,1
22,73.5,100.0,0,2,2,6,2,0
19,86.9,76.4,1,1,4,1,1,1
16,81.6,54.7,1,1,2,8,2,1
17,92.4,63.7,0,5,2,5,1,0
20,71.0,88.5,0,6,1,1,1,1
20,53.8,54.9,1,3,3,3,1,0
23,96.8,91.9,0,4,2,4,1,0
21,66.0,59.5,1,0,5,2,1,0
23,87.6,51.7,0,2,5,2,1,0
17,86.8,60.2,1,4,4,2,1,1
18,55.0,37.7,1,1,0,0,0,0
21,95.7,26.5,3,3,2,4,1,0
25,71.5,68.3,1,4,4,2,0,0
18,80.8,68.7,0,5,4,2,2,0
21,74.6,75.1,0,3,4,2,2,0
21,100.0,68.3,1,4,2,3,0,0
17,100.0,100.0,0,3,2,2,1,0
22,52.8,73.4,2,1,1,2,1,0
17,100.0,42.5,1,4,4,4,1,0
21,69.8,47.6,0,2,3,2,2,0
16,100.0,70.0,0,0,0,1,2,0
18,76.2,61.3,0,3,1,1,2,0
17,74.9,45.4,0,5,2,1,3,0
22,76.3,68.8,0,2,3,5,1,0
19,74.0,69.1,0,0,1,3,1,0
23,100.0,100.0,0,1,1,6,2,0
21,78.9,51.7,0,3,1,4,1,0
25,75.5,61.6,0,4,1,3,2,0
19,81.2,100.0,0,2,4,4,2,0
20,65.5,76.6,0,5,3,0,0,0
24,100.0,51.6,1,5,3,4,3,0
22,57.9,55.7,0,4,3,1,1,0
25,70.8,45.7,0,3,2,2,0,1
24,94.0,71.5,1,3,3,2,2,0
22,80.6,90.6,3,3,5,2,1,0
16,88.2,100.0,0,3,3,2,2,1
23,100.0,40.3,0,1,2,4,3,0
19,95.1,87.4,0,4,3,1,0,0
18,82.1,73.3,0,3,4,3,2,0
22,100.0,64.8,2,2,1,3,2,0
18,70.6,61.7,1,2,1,3,1,0
23,78.5,31.6,1,2,4,4,1,0
21,79.5,82.8,0,6,4,4,0,0
20,78.5,43.6,1,2,2,1,1,1
19,64.0,55.0,0,5,2,1,0,0
23,56.2,78.4,0,4,1,1,1,1
23,86.3,33.7,0,5,2,5,2,0
16,70.5,43.6,0,3,4,1,4,1
24,100.0,94.4,0,6,1,6,0,1
20,78.9,72.4,1,2,2,1,0,0
19,76.2,56.8,0,4,4,3,2,0
21,96.4,72.5,0,1,2,4,1,0
21,86.0,83.4,0,3,3,3,3,0
17,77.4,92.5,0,4,2,2,2,0
23,70.4,47.8,1,4,4,3,2,1
22,100.0,49.5,1,3,5,3,0,0
16,85.4,82.2,1,1,2,2,0,1
20,96.3,82.8,0,4,4,3,1,0
21,64.7,43.1,1,3,5,1,0,0
19,71.3,50.3,2,1,5,1,2,0
17,100.0,66.1,0,6,2,0,1,0
19,100.0,70.5,0,6,2,3,1,0
16,86.9,71.0,2,5,2,4,2,0
22,74.3,42.8,0,5,2,1,1,1
17,76.5,70.8,0,1,2,1,1,0
17,69.9,55.7,0,7,1,2,2,0
24,62.6,46.7,0,3,3,7,1,0
20,93.9,69.8,0,2,2,3,0,0
17,88.1,67.7,0,5,4,1,1,0
24,91.0,86.0,1,2,4,1,1,0
24,74.9,52.8,0,3,2,2,1,1
16,83.8,74.7,1,1,2,3,0,0
18,73.5,38.6,0,3,3,3,0,1
19,69.1,64.5,3,4,1,1,1,0
22,100.0,79.3,3,3,0,3,0,1
25,81.8,81.0,1,1,4,3,1,0
19,87.6,81.1,2,3,1,1,1,0
17,92.5,86.1,1,3,4,3,1,0
22,82.0,61.1,2,2,4,2,0,1
21,83.6,79.9,0,6,2,0,0,0
18,63.7,100.0,0,3,4,4,2,1
21,66.6,60.7,1,5,2,1,1,1
21,65.8,97.6,0,1,4,3,2,0
20,89.1,87.5,1,3,4,2,1,0
19,81.1,64.7,2,2,0,2,1,0
25,66.6,66.3,0,3,2,2,2,0
16,88.7,72.4,1,1,3,2,3,0
25,88.2,86.4,0,3,0,2,4,0
21,69.6,78.1,0,3,5,1,4,0
17,79.6,60.5,0,2,2,3,2,0
18,88.2,28.4,0,4,2,0,1,0
23,67.1,83.4,0,6,1,3,0,0
25,88.5,31.4,0,2,3,5,1,0
21,84.5,42.7,0,4,4,3,0,0
18,65.0,62.0,1,4,2,3,0,0
22,83.3,45.7,1,3,3,6,1,1
19,85.5,76.4,0,5,3,3,2,1
24,70.6,64.1,0,6,1,1,1,0
20,71.8,85.7,2,3,2,2,1,0
18,64.9,37.8,1,4,1,1,1,1
17,73.3,56.8,0,4,0,2,3,0
17,79.8,70.1,0,3,0,3,2,0
18,71.8,70.9,1,3,4,0,1,0
17,57.7,83.9,1,6,5,4,1,0
19,69.7,51.7,0,5,0,5,3,0
17,73.7,60.6,0,1,2,3,1,1
25,92.3,80.1,0,1,1,3,0,0
24,88.9,26.0,1,6,4,2,1,0
17,92.5,77.7,0,1,2,7,1,0
24,68.9,85.3,0,4,3,4,0,0
21,82.1,43.3,0,2,2,2,1,0
16,43.7,63.7,3,0,3,1,1,0
19,86.4,99.9,1,1,2,2,0,0
16,89.2,83.2,1,3,1,3,0,0
21,74.7,78.9,1,1,0,4,3,0
19,84.4,89.8,0,4,2,5,1,0
18,57.3,100.0,2,4,4,4,1,0
18,68.0,70.4,0,3,2,2,1,0
24,91.5,61.9,1,4,1,1,1,0
21,87.7,89.8,0,3,4,3,1,0
24,73.8,66.3,0,3,1,3,1,1
20,92.2,51.4,0,3,0,1,3,1
17,82.1,59.2,1,3,4,1,1,0
23,72.4,76.2,1,6,3,3,3,0
20,77.3,61.0,0,4,2,5,0,0
17,73.2,62.5,0,3,3,2,2,1
19,62.2,49.5,2,4,3,2,2,0
24,98.9,98.7,0,3,0,1,0,0
19,71.5,63.1,1,1,3,1,0,1
19,67.5,55.8,1,3,3,2,1,0
17,57.1,57.9,0,5,5,4,0,0
21,40.5,86.1,0,3,5,6,2,0
17,90.5,81.5,0,5,2,3,2,0
22,91.9,60.0,0,3,2,1,1,0
18,97.9,70.6,0,3,1,4,0,0
18,77.8,75.5,0,7,0,4,4,0
20,75.2,55.9,0,3,2,3,0,0
18,72.4,39.2,1,5,3,0,0,1
17,73.8,80.3,1,5,2,4,1,0
25,96.8,57.0,0,6,2,0,3,1
24,79.6,78.8,0,1,4,2,2,0
17,85.7,76.4,0,2,3,3,1,0
17,73.4,71.1,0,5,3,4,1,1
23,99.8,61.5,1,4,0,1,1,1
24,51.4,57.3,0,4,3,3,0,1
22,61.7,47.2,1,2,4,1,2,0
18,85.7,57.7,0,2,0,3,0,0
24,100.0,81.4,1,3,2,3,1,0
18,76.6,98.0,0,2,5,6,1,1
20,67.4,95.0,1,2,2,6,0,1
24,95.0,72.9,2,1,2,3,3,0
18,84.9,97.9,1,2,1,3,1,0
22,99.4,63.9,1,5,2,2,0,1
16,60.6,44.2,0,4,2,3,2,0
19,98.2,100.0,2,0,1,1,0,0
19,56.8,80.7,0,2,2,1,0,1
22,75.7,39.3,0,4,1,3,1,0
23,86.2,100.0,0,3,3,3,0,0
16,82.8,55.1,3,5,5,4,4,1
20,95.9,59.5,2,5,2,3,0,0
22,52.6,90.4,2,5,3,3,0,0
19,82.1,97.2,1,4,2,4,2,0
19,98.0,50.0,0,3,1,3,0,0
19,80.9,99.4,2,4,5,2,3,0
21,62.9,87.5,3,1,1,4,1,1
22,95.1,54.0,0,0,1,3,0,1
17,70.3,65.1,0,0,2,3,0,0
20,67.6,100.0,1,3,3,4,0,1
19,65.7,38.8,3,2,2,2,1,1
18,77.0,97.6,2,2,1,2,0,0
22,82.7,86.9,2,4,4,3,1,0
21,61.0,80.2,2,7,2,2,1,1
22,64.0,72.6,2,2,1,4,1,1
20,69.6,100.0,1,3,2,4,0,0
21,65.7,100.0,1,1,1,2,1,0
20,80.6,57.7,0,6,2,3,0,1
22,85.4,82.2,1,2,3,2,0,0
17,83.4,100.0,0,5,3,1,2,0
20,83.4,54.3,2,2,1,2,1,0
21,100.0,74.9,0,5,1,1,0,0
21,86.4,90.1,0,2,0,1,0,0
20,91.8,29.7,0,2,1,5,1,0
25,73.8,86.6,1,2,0,5,2,1
22,94.2,48.2,0,2,2,6,0,0
25,73.1,73.8,0,5,1,1,1,0
23,86.2,92.9,0,4,2,1,1,0
22,59.4,22.2,0,3,2,5,3,0
20,82.5,85.7,0,6,0,1,0,0
16,65.4,100.0,0,3,2,4,1,0
20,94.0,59.3,0,6,1,0,0,0
25,93.1,81.5,0,2,3,4,1,1
17,73.0,96.7,0,6,2,3,1,0
20,100.0,38.1,0,0,1,1,0,0
20,75.7,85.1,2,3,2,2,1,1
17,55.8,90.5,0,3,1,1,1,0
20,68.3,82.8,0,3,3,1,1,0
19,64.3,71.7,0,4,5,4,0,0
16,85.7,50.0,0,3,0,5,0,0
18,61.5,97.8,0,7,3,3,0,0
16,71.9,70.7,0,6,1,5,0,1
20,84.7,51.9,1,6,0,3,1,1
19,82.1,63.6,1,6,0,0,0,0
22,79.8,77.4,0,5,4,1,0,0
20,81.9,38.8,1,7,2,5,1,0
25,74.4,70.4,0,5,5,3,1,0
19,55.9,61.7,2,3,2,4,3,0
17,74.0,96.7,0,5,1,3,2,0
19,87.0,32.5,1,6,3,2,2,1
17,77.9,88.8,0,4,4,2,0,0
23,85.9,98.3,2,3,4,3,1,0
18,71.2,33.3,0,1,3,3,1,0
24,94.9,35.7,0,5,2,4,2,0
19,41.7,100.0,1,6,0,4,0,0
21,82.1,51.9,0,3,1,3,1,0
25,100.0,100.0,1,2,2,0,1,0
20,100.0,33.9,1,3,5,1,1,1
25,76.5,73.4,0,4,3,3,1,1
16,60.1,69.5,0,3,4,3,0,1
24,100.0,65.8,0,4,1,2,1,0
16,79.2,79.3,1,6,3,5,1,0
23,77.6,80.4,0,4,4,4,0,0
24,66.6,66.6,0,3,2,5,2,0
24,61.3,49.7,3,6,2,0,2,0
16,88.5,91.0,0,4,3,3,0,0
17,90.0,82.6,3,1,2,4,0,1
16,83.0,72.3,1,3,5,3,1,0
25,68.5,81.9,0,4,2,3,1,0
17,64.0,85.4,0,5,1,1,1,0
25,58.5,54.8,1,6,2,2,2,0
23,71.6,81.2,0,3,1,4,3,0
20,64.9,58.9,0,2,2,7,1,1
22,54.4,86.0,0,1,1,5,0,0
17,89.8,66.2,1,4,4,1,1,0
23,60.2,82.2,1,5,4,2,1,1
21,94.8,61.3,0,3,1,1,2,0
23,85.9,83.3,0,3,1,1,0,0
16,84.4,50.4,1,6,2,6,1,0
16,100.0,70.7,3,6,3,1,1,0
22,60.7,89.6,0,2,1,2,1,0
23,93.1,79.3,0,5,0,5,0,0
18,75.5,73.8,2,4,2,2,2,1
20,100.0,100.0,1,2,3,2,1,1
16,74.3,90.5,1,3,1,6,2,0
22,71.9,87.1,2,2,3,4,1,1
20,86.4,83.2,1,2,5,1,1,0
23,76.9,85.7,0,4,1,0,3,0
23,68.6,100.0,1,3,2,1,3,0
24,65.4,61.6,1,3,0,1,3,1
22,100.0,90.2,3,3,1,3,0,0
16,62.5,77.1,0,1,0,4,1,0
18,83.3,62.3,0,4,2,0,0,0
23,95.8,68.0,1,3,4,3,1,0
18,96.6,74.4,0,3,2,3,0,0
23,71.0,52.8,0,6,1,5,1,0
16,76.9,87.3,2,3,0,4,2,0
20,74.0,67.9,0,4,2,2,1,0
19,57.0,71.7,1,3,1,6,2,0
20,88.1,97.1,2,5,2,2,0,0
23,80.6,72.6,0,5,2,3,2,1
25,100.0,100.0,3,2,4,3,0,0
19,67.7,59.5,1,4,0,1,1,0
19,96.3,48.1,0,1,3,2,1,0
18,97.4,64.2,0,6,0,1,2,0
22,80.7,20.0,3,3,3,5,3,1
18,47.4,88.1,0,5,2,0,0,0
18,72.3,49.2,0,3,4,1,0,0
25,100.0,57.6,0,4,2,1,1,0
20,84.5,84.3,0,7,2,1,1,1
20,90.4,72.4,0,5,1,2,1,0
21,78.7,61.2,3,2,0,3,0,0
23,76.6,29.3,2,3,2,5,2,0
25,52.0,96.0,0,3,4,0,0,1
21,91.9,84.5,0,3,2,3,1,0
16,96.2,100.0,1,3,3,2,0,0
23,65.7,58.1,0,3,1,3,3,0
23,77.3,40.9,1,3,2,1,0,1
24,75.3,89.9,2,2,2,3,2,1
24,86.3,66.2,2,3,1,2,0,0
17,71.8,82.6,0,2,2,1,1,0
17,94.0,100.0,0,2,3,4,4,0
18,81.1,77.8,0,4,2,2,0,0
16,41.8,73.3,0,0,3,2,2,1
19,86.6,74.6,0,3,3,1,3,1
19,94.9,37.3,2,3,2,2,1,1
24,62.7,92.2,2,3,3,3,0,0
24,86.1,93.4,3,4,2,2,2,0
24,100.0,80.6,2,3,1,2,2,1
25,81.7,39.7,0,2,1,6,4,0
22,97.1,67.6,1,5,1,4,2,1
17,73.4,98.8,0,7,3,2,1,0
25,79.7,58.7,0,0,4,2,1,0
20,76.9,93.7,0,3,1,4,1,0
19,74.2,71.1,1,3,0,4,1,0
23,77.8,84.3,1,2,2,3,1,0
17,55.5,61.8,0,3,3,6,2,1
21,75.0,71.7,0,4,2,3,1,0
20,100.0,78.7,0,2,2,2,2,0
17,65.5,48.3,0,6,3,1,0,0
25,64.0,75.5,0,3,2,1,1,0
16,80.9,20.0,1,3,5,1,1,0
23,81.7,58.0,1,5,1,6,0,0
17,85.7,80.9,0,0,5,4,1,1
22,78.3,92.4,1,3,1,5,3,0
24,81.1,79.5,0,3,1,0,1,1
24,74.7,42.2,3,3,3,0,0,1
23,60.9,90.7,0,3,3,1,1,0
25,78.9,47.2,1,0,4,0,1,0
24,90.9,82.3,2,2,2,1,1,0
17,87.7,47.9,2,1,4,1,1,0
21,53.8,54.5,0,7,1,2,0,0
19,83.8,50.9,1,0,0,5,1,0
19,66.6,72.8,0,2,2,2,2,1
20,100.0,66.1,0,6,3,3,1,0
18,84.9,80.2,0,4,3,3,0,0
16,93.4,69.6,2,3,2,2,3,0
23,80.3,39.6,2,1,1,2,0,1
20,79.0,75.5,0,4,0,4,0,1
18,100.0,34.8,0,1,2,2,2,0
25,94.6,52.3,3,4,2,5,2,0
22,81.8,62.7,0,6,3,1,0,0
22,77.0,61.3,0,3,3,4,1,0
16,54.4,37.1,0,2,4,2,0,1
24,84.9,97.4,1,4,1,3,3,0
17,78.1,100.0,0,3,2,1,1,0
20,88.3,100.0,1,3,2,2,0,0
20,92.9,93.0,0,3,3,5,0,0
23,98.5,62.1,0,4,2,4,1,0
23,85.1,61.7,0,4,4,4,1,0
22,64.3,60.6,0,7,3,7,2,0
22,47.8,100.0,0,5,0,1,3,0
21,67.6,67.7,0,2,1,1,1,1
21,100.0,95.4,1,4,3,5,2,0
24,100.0,93.8,0,2,3,1,1,0
21,76.4,73.8,1,5,1,1,1,0
17,58.1,41.0,3,1,0,1,1,1
17,70.3,68.1,1,3,2,7,0,0
20,97.1,72.9,3,5,3,2,0,0
19,71.1,95.6,0,2,1,0,2,1
17,88.8,70.4,0,5,2,2,1,0
18,82.5,45.8,2,4,2,4,3,1
22,90.7,89.8,2,3,4,5,0,0
23,100.0,65.4,2,3,1,3,1,0
21,88.8,20.0,1,6,3,3,1,1
20,82.2,76.5,1,2,2,2,1,0
16,100.0,80.0,0,4,0,4,4,1
23,85.2,53.1,1,4,2,0,1,0
18,68.1,66.2,0,6,0,2,1,0
21,90.3,83.2,0,4,3,5,1,0
18,86.7,76.6,0,4,2,7,2,0
22,75.4,38.7,0,6,0,1,1,0
22,72.2,95.1,0,5,1,3,1,0
24,75.5,100.0,1,4,3,0,2,0
20,72.0,59.8,2,0,1,5,0,1
23,76.0,31.8,1,3,2,2,3,1
25,67.4,85.4,0,4,2,5,2,0
25,85.8,56.5,3,3,4,1,1,0
23,84.7,80.7,0,3,2,3,2,0
16,85.2,100.0,1,1,3,0,2,0
20,79.1,39.1,0,4,0,1,2,0
18,77.3,54.1,0,2,0,2,0,0
16,100.0,66.1,0,2,1,1,2,1
19,81.0,95.8,1,3,2,1,0,1
23,99.0,100.0,0,5,3,2,0,0
18,65.1,74.9,0,3,2,3,2,1
25,88.8,37.4,0,2,2,1,2,0
17,69.0,63.1,0,1,3,1,1,0
24,71.7,54.5,1,3,1,5,1,1
25,73.8,84.4,0,5,0,1,2,0
20,72.9,77.5,0,4,4,4,3,0
22,73.0,49.2,0,2,2,2,1,0
17,98.3,53.3,0,3,3,3,0,0
24,80.7,62.8,0,5,2,6,2,0
24,83.4,65.2,1,2,2,0,1,1
19,73.1,69.2,0,3,0,1,0,0
19,92.9,71.0,0,3,4,2,1,0
21,85.3,94.7,0,1,2,4,1,0
25,75.4,62.1,0,0,0,0,1,0
25,56.2,59.1,0,4,4,3,2,0
25,83.2,43.2,0,0,2,5,0,1
21,88.6,65.5,0,1,3,0,0,0
16,65.3,75.1,0,3,0,2,1,1
24,75.6,35.5,2,0,0,4,0,0
17,88.1,63.2,1,3,1,3,1,0
20,56.4,93.2,1,1,1,3,1,0
24,70.3,83.0,0,3,3,3,2,0
19,85.7,77.5,1,5,3,0,2,0
18,96.6,82.4,2,4,3,6,1,1
22,100.0,58.5,1,3,4,2,0,0
21,100.0,55.9,0,1,1,5,1,0
23,82.2,95.4,0,4,4,5,1,0
18,72.7,86.6,0,2,4,2,0,0
20,93.8,55.1,0,1,2,3,2,0
25,71.8,32.4,0,4,0,3,1,1
19,68.6,55.5,2,6,3,2,3,0
19,75.4,80.9,1,3,2,6,1,0
19,73.5,56.8,0,0,3,3,2,0
25,86.2,76.6,0,5,1,3,1,0
23,71.0,98.4,0,1,2,3,1,0
21,81.3,68.1,0,5,2,2,1,1
18,100.0,74.7,0,3,1,3,2,0
25,81.8,83.7,0,3,2,3,1,0
20,100.0,48.4,0,3,0,2,2,0
21,98.0,54.5,3,6,2,1,0,0
20,88.9,84.5,0,5,4,1,0,0
21,74.7,70.7,0,3,1,2,0,0
23,95.6,72.4,0,4,3,0,2,0
22,76.3,70.7,0,4,1,0,0,0
20,80.0,89.6,0,4,3,5,2,0
25,85.0,78.7,1,5,4,3,1,0
21,79.9,79.0,0,0,2,3,0,0
19,69.2,94.4,0,3,4,1,1,0
24,57.1,100.0,1,6,2,2,1,0
19,94.4,100.0,0,6,2,3,1,0
16,88.6,58.4,0,0,4,3,1,0
22,54.2,100.0,0,2,0,2,0,0
22,68.8,48.1,1,7,0,2,2,0
19,82.7,100.0,0,3,2,3,1,0
18,86.6,57.3,0,4,3,0,1,1
23,57.2,68.6,1,2,3,1,2,0
20,78.7,70.4,0,5,0,3,0,0
25,88.1,52.7,0,2,5,1,1,0
22,74.7,71.7,0,2,3,1,1,1
19,83.8,53.7,1,2,4,2,1,1
19,72.7,45.3,2,6,2,2,0,0
23,93.6,69.2,3,4,3,5,0,0
23,68.0,100.0,2,5,4,6,1,1
17,62.9,64.9,1,3,2,4,0,0
17,80.4,88.8,1,6,5,4,0,0
18,58.5,53.1,1,5,1,2,0,0
18,48.4,44.3,0,5,2,2,1,0
16,96.3,79.1,0,6,4,3,0,1
18,65.2,100.0,0,3,5,4,1,0
21,60.0,74.2,0,4,1,4,2,0
23,67.8,86.5,1,6,1,2,2,0
25,67.2,99.9,0,5,3,2,2,0
21,77.9,69.3,0,4,4,1,1,0
20,63.6,67.0,0,1,3,0,1,0
19,87.5,79.4,2,4,3,1,0,0
18,89.7,83.0,1,3,3,2,0,0
19,60.9,42.0,0,2,1,6,1,0
22,70.7,75.9,0,5,5,3,0,0
16,72.2,70.0,0,3,2,3,3,0
22,77.5,54.2,0,3,3,6,3,0
16,96.2,68.6,0,4,2,1,0,1
17,97.1,46.7,1,3,2,3,1,0
19,100.0,39.8,0,1,3,1,1,0
16,46.0,71.3,0,3,5,1,1,1
24,66.1,88.0,0,1,3,6,1,0
21,100.0,63.1,0,2,3,1,0,1
16,53.0,50.8,0,0,0,4,1,0
16,100.0,53.9,0,2,4,1,1,1
21,82.2,81.0,0,3,1,3,1,0
19,82.8,100.0,1,3,1,5,1,1
19,60.8,85.4,0,6,1,1,3,1
21,73.2,96.0,0,3,3,2,2,0
22,100.0,49.0,0,4,5,8,1,0
24,79.3,68.5,1,3,3,2,0,1
25,73.3,90.4,0,5,1,3,1,0
20,86.1,42.0,1,4,1,2,2,0
24,77.1,56.8,2,3,2,3,0,1
19,85.2,88.8,0,2,0,5,1,0
25,67.3,75.2,1,3,2,2,0,1
17,78.8,50.7,1,4,3,3,1,1
18,70.4,37.4,0,3,5,4,0,1
16,52.9,96.7,1,5,2,2,0,0
21,87.2,28.9,0,2,1,2,1,0
21,61.5,82.6,0,1,4,1,2,1
16,77.5,59.3,1,4,3,1,1,0
18,93.9,90.9,1,5,4,3,1,0
20,57.5,49.2,2,3,1,5,2,1
18,89.1,100.0,0,4,2,1,0,0
25,75.5,78.0,0,2,5,1,0,0
18,65.5,81.3,0,4,1,3,0,0
25,100.0,54.5,0,5,3,6,2,0
18,80.0,67.3,0,5,1,0,1,0
20,71.5,67.9,0,1,2,2,0,0
20,68.3,100.0,0,3,4,0,1,1
19,93.2,78.0,0,4,2,2,3,0
16,70.8,80.9,0,0,4,1,0,0
20,91.3,80.7,3,4,2,1,1,0
25,80.0,82.6,1,3,5,3,1,0
20,96.7,42.2,0,2,2,1,1,0
19,64.4,100.0,2,5,1,1,1,1
21,66.5,52.5,1,2,2,4,2,1
25,75.8,69.2,2,7,3,4,1,0
19,77.0,100.0,0,5,4,2,1,0
22,74.7,100.0,0,4,2,2,1,0
22,100.0,86.1,2,1,2,3,0,1
17,100.0,59.9,0,6,4,1,1,0
18,84.5,72.6,2,5,4,6,0,1
16,86.3,73.3,1,2,3,1,1,1
23,76.5,74.0,3,3,4,4,0,1
24,64.3,45.4,0,2,2,3,1,0
19,77.3,95.2,0,7,0,6,1,0
21,91.6,72.7,0,5,0,3,2,0
24,99.6,55.6,3,6,5,6,0,0
21,94.9,60.0,0,5,1,4,1,0
24,57.4,75.4,0,3,2,2,1,0
19,75.7,41.9,0,2,4,3,2,0
23,58.0,87.6,0,2,1,6,1,0
24,97.5,74.7,0,2,4,3,2,0
19,73.8,100.0,0,3,4,1,0,0
20,79.3,71.6,1,6,5,2,1,0
23,87.2,48.3,0,7,1,2,0,0
25,100.0,46.0,2,2,2,3,2,1
21,84.0,62.2,1,4,4,2,0,0
22,76.4,64.3,1,4,1,6,1,1
18,61.4,58.7,1,3,2,1,1,0
22,100.0,72.6,0,4,3,3,2,0
23,77.3,58.1,0,3,1,6,0,1
25,100.0,75.1,1,6,4,1,1,0
21,96.6,59.6,0,4,3,2,4,0
25,73.1,82.6,0,5,0,5,0,0
24,59.1,63.8,0,2,1,3,3,0
21,84.1,94.9,1,2,1,2,0,0
24,70.8,83.0,0,3,1,1,2,1
19,80.6,73.9,0,5,3,2,3,0
23,95.7,65.8,0,6,0,2,4,0
19,55.2,39.6,3,3,2,4,1,1
17,84.0,98.3,0,5,4,3,2,0
25,91.4,56.4,1,3,2,4,0,0
24,92.1,71.8,0,2,1,4,1,0
20,59.5,76.9,1,4,5,3,1,1
19,86.3,66.3,0,5,1,2,1,0
17,98.1,97.1,1,2,4,1,2,1
16,85.1,45.6,0,3,3,2,0,1
22,78.3,100.0,0,3,3,2,4,0
21,97.1,83.4,1,2,3,2,1,0
17,69.6,65.1,1,6,2,4,2,1
23,57.1,65.3,1,4,4,3,2,0
19,77.0,25.7,2,1,4,2,2,1
23,88.0,53.0,0,2,2,4,0,0
22,95.6,62.9,2,6,2,2,1,1
20,88.0,73.5,0,4,4,1,1,0
25,92.5,95.2,1,4,2,3,0,1
25,95.7,100.0,0,1,4,1,1,1
23,74.9,75.4,0,5,3,1,1,0
24,77.8,74.1,0,3,2,2,0,0
20,99.3,60.2,0,4,0,5,1,0
25,61.8,35.7,0,6,1,3,1,0
20,86.4,57.9,0,1,2,0,0,0
17,69.2,65.9,0,3,2,3,1,0
20,96.5,89.5,0,0,3,2,1,1
18,79.7,80.4,0,3,3,2,3,0
22,80.1,74.4,0,2,3,6,0,1
25,100.0,58.4,0,6,4,0,1,0
20,63.9,30.4,0,3,1,3,1,1
23,83.2,31.6,1,4,3,2,3,0
16,77.3,36.7,2,5,0,1,1,1
18,88.0,64.2,0,7,2,3,1,0
18,100.0,89.9,1,3,1,3,0,0
24,70.9,89.3,1,3,2,0,0,0
20,62.0,85.9,0,1,2,6,0,0
24,67.9,59.7,1,0,0,2,2,0
24,76.5,92.9,0,4,2,4,1,1
16,81.0,51.4,0,1,5,1,1,0
17,81.7,87.1,0,3,1,3,1,0
20,100.0,36.5,0,0,3,4,0,0
19,100.0,46.5,1,4,2,3,2,1
25,99.5,100.0,0,3,2,5,2,0
24,100.0,65.9,0,1,0,0,2,0
22,92.4,56.4,0,2,1,3,0,0
21,96.6,92.1,1,4,3,4,1,1
22,92.1,94.3,1,4,1,1,3,0
16,89.6,61.3,1,3,1,0,1,0
16,85.9,75.6,0,5,2,3,1,0
23,74.0,72.7,0,1,2,0,1,0
17,61.3,20.0,0,1,3,3,1,0
25,78.0,42.1,0,0,2,0,1,0
24,88.5,88.8,0,3,2,2,0,0
22,81.1,53.3,0,4,2,4,1,0
21,64.0,80.6,0,1,0,4,2,0
16,77.5,75.3,2,4,2,3,4,0
16,76.7,94.3,1,3,2,2,0,0
17,79.1,42.7,0,7,2,2,2,0
21,87.4,77.9,0,4,3,4,0,0
21,90.6,68.7,0,4,3,2,3,0
17,72.5,54.2,1,4,1,3,0,1
16,94.7,54.1,1,7,1,3,1,0
25,97.0,74.5,3,7,2,1,0,0
20,84.8,82.6,0,3,3,0,1,0
20,90.0,71.3,1,3,0,4,1,0
17,94.8,71.9,0,3,4,4,2,1
21,63.5,60.0,2,3,2,5,1,1
24,95.8,61.4,1,3,2,5,1,0
17,68.1,54.2,1,2,3,1,1,1
25,69.6,59.6,0,6,0,4,0,0
17,82.9,81.9,1,3,2,1,0,0
18,47.8,84.1,0,5,2,2,1,1
22,82.6,44.5,0,3,1,7,1,0
21,94.7,52.1,0,4,4,3,0,0
23,55.3,55.8,0,3,3,5,1,0
23,96.3,68.7,0,4,1,2,0,1
21,69.5,36.3,0,3,2,3,1,0
25,83.1,52.4,0,3,1,2,3,0
18,71.7,42.3,0,5,4,4,1,0
18,88.6,78.0,0,1,2,3,2,0
16,95.4,69.4,0,3,2,3,2,0
22,89.7,60.7,0,2,2,3,1,0
20,79.9,48.7,0,5,2,0,1,0
19,72.9,61.1,0,2,3,2,1,0
25,79.0,58.7,1,4,3,3,0,0
19,89.8,100.0,0,2,2,2,2,0
19,90.4,89.9,1,3,3,1,2,1
21,88.3,56.2,0,5,2,1,3,0
23,60.8,73.3,3,2,0,2,1,1
23,79.7,88.9,0,4,0,3,1,0
20,70.5,56.2,0,2,2,4,2,0
21,90.0,41.7,0,3,3,1,1,0
19,68.5,34.1,0,3,4,0,1,0
24,86.8,95.4,1,4,0,7,2,0
23,75.8,66.2,0,4,2,0,3,1
25,51.8,75.8,0,4,1,1,0,0
25,94.0,58.5,2,2,4,0,1,0
16,79.6,44.6,0,3,4,5,1,0
17,99.1,48.4,0,0,1,3,1,0
24,55.0,43.2,0,5,3,3,1,0
23,75.6,87.0,0,5,3,2,1,0
18,76.8,99.9,2,2,1,5,1,0
23,84.1,70.7,1,2,2,0,0,0
16,60.1,39.6,1,0,3,0,1,0
25,88.2,79.9,2,6,0,0,0,1
19,100.0,95.3,0,5,2,3,1,0
18,87.1,89.4,0,3,1,4,3,1
21,81.4,69.4,0,3,2,1,0,0
22,59.3,65.3,1,2,4,2,0,0
19,68.4,69.3,2,4,2,3,0,0
22,79.2,94.5,0,4,0,3,1,1
24,72.1,85.2,0,3,0,2,0,0
17,95.4,62.3,2,5,3,3,1,0
18,88.0,61.8,0,3,2,2,1,1
20,100.0,60.4,2,1,2,2,1,1
18,65.3,48.7,0,4,1,2,2,1
23,80.5,97.0,0,3,3,1,3,1
25,59.2,54.2,0,6,4,1,0,0
23,46.7,79.8,1,3,4,0,2,1
23,90.8,56.8,0,3,2,3,0,0
24,87.4,60.5,0,4,3,3,0,1
19,67.2,67.7,2,3,1,2,1,0
20,81.4,80.9,1,3,3,2,1,0
20,70.6,64.8,1,7,1,3,0,1
23,72.6,47.2,0,3,3,3,0,0
22,75.2,70.4,2,2,2,5,3,1
24,66.6,54.7,0,5,4,3,0,0
23,69.3,100.0,0,0,3,1,2,0
17,69.7,64.8,0,2,2,4,2,1
25,86.3,56.6,0,4,4,2,0,0
19,38.4,100.0,2,2,1,3,1,1
21,76.6,84.8,0,7,5,2,0,0
17,63.7,52.1,0,3,3,7,0,1
22,64.2,54.2,1,4,5,1,0,1
18,72.1,79.5,1,2,0,3,0,0
18,79.8,70.9,1,2,1,1,0,1
17,76.8,87.8,0,4,3,1,0,0
23,64.0,56.7,1,3,4,1,1,1
21,90.8,84.0,0,5,0,2,1,0
16,66.5,25.2,3,2,0,1,3,1
16,69.0,66.9,0,4,1,2,0,0
22,84.3,57.7,1,2,4,5,1,0
23,84.8,60.9,0,4,3,2,3,0
20,70.8,67.9,0,4,2,1,0,0
20,36.0,92.8,0,1,0,6,1,0
19,66.7,46.9,0,3,2,0,1,0
21,82.4,26.2,0,0,1,3,3,0
21,90.3,49.2,1,3,3,1,1,0
18,78.8,90.4,0,4,2,2,1,0
24,72.8,37.1,1,1,3,0,2,0
22,100.0,58.6,0,6,4,2,1,1
16,74.4,86.8,0,3,2,4,1,0
22,89.2,68.8,1,6,2,1,2,0
20,60.0,92.6,1,1,3,5,1,0
20,63.6,29.3,0,6,1,3,0,1
17,89.7,63.6,0,1,4,4,2,1
19,95.7,96.7,1,3,0,1,1,0
21,74.2,47.5,0,6,4,1,1,0
25,52.3,90.7,0,2,0,3,1,0
22,77.5,65.3,1,0,0,4,2,0
20,82.8,78.7,0,5,2,2,1,0
24,81.5,95.3,0,4,5,5,1,0
18,71.5,78.6,2,3,5,1,4,0
16,77.7,58.2,1,0,1,5,0,0
19,68.8,81.2,0,4,1,5,0,0
24,63.3,56.8,0,2,2,4,1,0
19,91.3,75.5,0,6,2,0,1,0
17,81.5,45.0,1,4,3,3,1,0
25,77.7,70.6,1,4,2,2,1,0
20,72.4,93.8,0,2,3,0,1,1
18,77.3,64.0,0,5,3,2,1,0
24,82.4,91.9,0,3,2,4,2,0
19,100.0,100.0,0,5,4,3,1,0
21,89.8,69.4,1,2,1,1,2,0
17,70.0,82.3,0,5,1,3,3,0
21,70.2,79.5,0,4,3,0,0,0
18,67.8,74.5,0,0,1,0,1,0
24,77.0,85.8,0,3,0,2,1,0
17,67.8,65.0,0,2,4,3,2,0
24,87.1,56.7,0,3,3,1,2,1
20,40.3,39.5,1,3,2,1,0,1
23,88.0,63.1,3,3,3,4,3,0
17,84.1,88.0,2,4,2,3,1,1
21,98.9,51.2,0,4,5,1,3,0
18,93.2,74.9,1,0,0,2,0,1
25,69.7,67.5,3,5,3,3,2,0
20,91.5,57.6,0,6,3,5,1,0
23,77.5,32.9,0,3,2,5,1,0
25,51.0,97.3,0,2,3,0,2,0
16,82.4,80.3,0,3,4,2,1,1
20,70.6,100.0,1,4,3,3,1,0
18,80.0,91.6,0,4,2,0,0,0
19,100.0,96.8,0,4,2,5,2,0
17,83.4,35.0,0,1,4,1,1,0
24,64.7,34.7,0,5,2,4,2,1
18,94.5,70.8,0,3,3,1,1,1
17,85.4,47.0,0,2,2,3,1,0
25,63.0,56.4,0,1,1,1,0,0
24,55.9,100.0,1,3,0,4,2,0
22,65.3,93.8,1,4,5,4,1,0
21,92.5,51.3,1,4,3,2,1,0
16,75.5,22.7,1,6,1,1,1,1
20,81.2,49.6,1,2,4,6,0,0
18,59.9,58.9,1,7,2,0,3,1
16,92.9,63.6,1,4,3,3,1,0
19,49.8,44.4,1,3,1,1,3,1
17,70.2,92.6,0,5,4,5,0,0
17,86.3,55.8,0,4,2,2,1,0
18,63.2,83.0,1,3,3,3,1,0
23,89.2,71.1,0,5,0,2,2,0
23,67.0,88.8,0,4,2,2,0,1
22,61.6,65.2,0,4,1,3,1,1
21,99.3,51.5,0,5,4,2,3,0
24,82.3,58.0,3,3,1,2,0,1
19,87.8,58.3,0,4,3,2,2,0
16,95.3,100.0,0,4,0,2,2,0
23,40.7,71.5,0,3,1,2,0,0
22,89.5,70.1,1,1,2,5,1,0
22,68.6,87.6,0,5,3,2,1,1
18,70.6,70.0,1,0,3,4,0,0
19,86.6,92.4,1,4,5,2,1,0
25,74.6,62.6,0,6,4,1,2,1
24,88.9,60.5,0,3,0,3,0,0
21,79.4,50.4,0,1,4,4,1,0
20,82.5,100.0,1,2,2,4,1,1
18,72.6,68.6,1,4,4,1,0,0
24,64.0,46.5,0,6,0,3,3,1
20,68.9,73.9,0,3,4,5,0,0
20,78.5,57.0,0,1,1,2,1,1
19,100.0,62.2,1,4,2,2,1,0
19,100.0,76.2,0,4,0,2,0,0
16,70.2,100.0,0,3,1,4,1,0
22,80.9,72.0,0,4,2,3,3,0
24,75.7,55.8,1,3,4,3,0,1
18,82.0,59.9,1,5,3,4,1,0
17,83.9,83.1,0,3,1,2,0,0
18,87.9,30.8,1,2,1,1,2,0
16,36.5,49.1,0,5,2,2,0,1
21,85.5,74.3,3,3,4,4,1,0
22,74.0,35.9,0,2,0,0,1,0
17,69.4,63.7,1,6,2,9,1,1
23,91.9,60.4,0,4,0,1,0,1
21,100.0,87.5,0,2,2,4,3,1
19,90.3,65.0,1,4,1,0,1,0
20,72.2,93.7,0,5,0,3,1,0
23,63.9,71.6,0,4,1,1,0,0
18,34.9,100.0,0,2,1,2,2,1
18,82.7,42.3,0,4,1,3,0,0
19,88.7,100.0,0,4,3,3,0,0
16,78.5,61.8,0,5,0,3,1,1
24,94.0,99.5,1,2,0,1,4,1
23,60.2,93.7,1,4,1,3,0,1
23,77.4,20.0,0,0,4,1,0,1
25,76.2,79.6,0,4,3,2,1,0
21,78.3,90.0,2,6,3,3,1,0
22,97.5,96.6,0,2,2,2,2,0
21,78.4,46.5,0,3,1,4,2,0
24,75.6,81.8,1,4,0,1,0,0
18,65.9,73.9,1,4,2,1,1,1
18,99.9,78.6,0,3,2,6,0,0
18,58.5,90.0,0,4,4,3,1,1
25,71.7,93.1,0,5,4,1,2,0
18,100.0,56.9,3,4,2,0,1,0
24,87.0,75.3,0,4,2,2,0,1
19,79.7,70.8,3,3,1,3,0,0
22,80.3,65.2,0,6,1,3,2,1
24,65.8,67.1,0,2,4,1,2,1
22,79.0,73.9,0,2,1,1,1,0
24,74.8,58.0,1,3,5,4,0,1
18,82.7,87.7,0,4,2,3,3,0
19,57.4,95.4,0,5,2,2,1,0
23,86.0,53.6,2,1,1,1,1,0
21,95.2,96.4,3,5,3,3,2,1
20,76.9,53.6,0,5,2,5,0,0
19,89.7,88.0,0,4,2,2,1,0
23,84.7,96.3,1,5,1,2,2,0
16,70.9,68.1,1,2,0,2,0,1
24,64.1,53.8,0,2,2,2,1,0
16,66.2,58.2,2,5,2,4,1,0
23,84.4,77.2,0,3,3,3,3,0
19,79.2,100.0,1,2,3,5,0,1
24,99.1,36.1,0,4,2,2,2,0
20,91.9,72.0,0,5,3,1,1,1
18,91.8,68.2,0,4,1,2,1,0
24,83.9,60.9,1,3,3,0,0,0
24,65.6,68.4,3,3,0,3,2,1
19,84.9,59.2,0,5,1,1,0,0
19,81.0,94.9,0,1,1,3,2,0
23,62.9,96.8,0,2,3,3,1,0
17,98.1,71.8,2,3,0,3,2,0
24,96.5,67.2,3,4,1,4,0,0
21,62.8,60.1,1,3,2,5,0,0
24,70.4,71.8,0,2,0,1,1,1
23,71.8,100.0,3,0,3,1,1,1
22,89.1,67.9,0,0,2,3,1,0
16,87.4,53.2,0,2,4,3,1,0
18,80.7,62.0,0,3,0,3,0,0
17,84.1,85.1,0,4,1,2,1,1
20,60.7,55.6,1,3,3,5,0,0
20,85.7,69.3,1,3,3,2,0,0
20,78.5,79.5,0,2,1,1,3,0
19,69.8,57.2,0,3,2,3,1,0
20,57.0,34.7,0,1,3,3,2,0
18,80.4,48.6,0,1,0,3,0,0
16,85.4,52.8,0,2,3,1,0,0
20,54.5,65.4,0,7,1,4,1,0
24,80.3,70.9,1,3,4,1,1,1
24,81.8,86.5,2,6,2,2,0,0
19,71.7,45.5,2,3,0,3,0,0
18,85.7,83.6,3,3,2,5,0,0
16,78.0,62.6,1,5,5,3,0,0
17,84.2,34.3,0,1,3,3,2,0
23,88.0,70.3,2,2,2,1,1,0
16,88.0,96.3,0,6,2,2,1,0
23,95.3,87.7,1,3,2,0,0,0
22,85.1,68.5,0,0,0,2,2,0
23,72.8,92.5,1,0,1,1,0,0
21,70.3,73.8,0,6,2,5,1,0
24,64.1,89.6,0,5,2,4,0,0
18,82.3,36.8,0,3,1,1,1,0
25,99.8,45.0,0,2,3,0,2,0
19,74.6,84.6,3,5,2,2,1,0
21,86.7,100.0,0,3,2,2,3,0
23,68.7,78.3,0,3,1,1,2,0
20,82.9,60.1,2,4,3,0,0,1
18,98.9,53.0,1,3,3,5,1,0
21,90.3,63.7,0,4,3,3,3,0
19,56.4,94.3,0,5,1,2,0,0
24,88.6,63.1,0,5,2,2,2,1
18,89.2,91.0,2,3,4,3,3,0
19,82.6,83.1,1,2,2,2,2,0
22,90.0,100.0,3,2,1,3,2,1
22,67.5,74.0,0,3,3,3,2,1
19,80.9,69.0,0,3,1,2,1,1
21,96.7,92.0,0,3,1,7,1,0
18,95.3,51.3,1,1,1,0,0,0
21,88.2,61.1,0,2,1,2,2,0
17,66.8,36.4,0,3,2,3,3,0
23,64.4,44.9,0,4,0,1,1,0
17,81.7,100.0,0,4,4,2,1,0
22,82.7,83.8,1,3,2,3,1,1
24,78.5,42.6,0,4,2,1,2,0
16,67.9,93.9,0,4,2,3,0,0
23,86.6,55.9,0,3,3,2,1,0
22,81.7,82.8,2,1,2,6,3,0
21,84.3,82.5,0,3,3,0,0,1
21,88.9,100.0,0,3,4,5,3,0
21,75.9,59.2,0,1,3,1,3,0
24,72.7,55.2,0,7,2,3,3,0
17,96.6,20.0,2,3,3,4,1,1
16,68.6,67.6,0,4,2,2,1,0
21,73.0,84.5,2,3,1,1,2,0
25,98.5,87.2,0,1,1,3,1,0
23,71.8,95.0,2,1,4,2,0,1
18,78.5,75.8,1,4,1,4,3,0
25,73.8,80.1,0,2,4,1,1,0
16,53.3,71.4,1,2,1,0,0,0
24,78.2,84.1,0,6,2,3,0,0
16,64.8,51.3,0,3,3,3,2,0
18,83.8,41.8,0,0,1,3,2,0
23,96.6,53.4,0,3,3,0,1,1
18,46.8,74.3,1,4,3,4,0,1
19,73.9,44.0,0,3,2,2,1,0
23,86.8,57.3,1,0,2,1,0,0
16,47.2,58.0,0,3,1,5,0,1
21,100.0,85.6,0,1,2,0,1,0
16,85.7,83.2,2,4,0,3,1,0
16,96.2,71.4,1,4,2,2,1,0
23,71.5,79.0,1,0,4,6,2,1
19,73.4,79.4,1,2,2,3,1,0
16,77.6,62.7,2,3,3,1,3,1
25,100.0,59.2,0,4,2,4,2,0
22,99.8,100.0,1,2,1,2,1,0
20,82.0,20.2,0,2,2,5,0,0
20,83.8,55.2,0,7,3,1,2,1
16,89.5,65.9,0,0,1,3,3,1
25,100.0,81.2,0,7,4,0,1,0
21,85.7,92.7,0,0,2,3,1,0
24,80.7,100.0,2,2,0,2,0,0
24,74.9,68.2,1,3,2,1,0,0
23,83.5,69.5,0,1,2,3,1,0
20,71.2,77.3,0,1,1,4,0,1
16,87.4,59.4,0,2,3,5,0,0
24,58.5,46.3,0,6,4,2,1,0
16,76.1,68.1,1,3,3,5,2,0
23,91.0,84.9,0,4,4,4,2,0
20,85.5,65.1,0,4,4,3,3,0
18,73.1,78.3,2,4,4,3,1,0
22,76.5,32.6,1,4,1,3,1,0
22,95.5,70.4,1,3,2,3,2,0
24,61.8,61.9,1,1,0,2,1,1
22,61.9,44.5,0,2,2,3,0,0
18,66.1,83.1,0,2,4,2,1,0
16,79.8,100.0,1,1,1,3,3,1
23,59.6,89.8,1,0,3,0,0,0
18,94.3,91.1,0,6,3,1,0,0
23,66.1,84.2,0,6,1,2,1,0
23,83.4,82.9,1,1,1,4,3,0
20,71.3,34.0,0,2,2,1,0,0
16,79.0,67.4,0,1,1,3,1,1
25,55.9,80.2,0,2,2,0,0,0
22,95.0,80.6,0,2,2,3,1,0
25,65.6,95.4,0,6,2,2,1,0
20,64.0,49.4,0,1,1,3,0,0
23,100.0,82.1,1,2,2,3,3,0
24,88.3,48.7,0,1,0,3,2,0
22,94.4,65.8,0,7,4,4,1,0
22,86.9,68.8,0,6,2,0,0,0
16,73.2,87.3,3,4,4,2,1,0
19,60.4,84.9,0,3,3,1,2,0
17,75.5,72.4,0,2,3,3,0,0
17,65.3,27.0,1,2,2,2,1,0
17,66.2,78.9,0,3,1,2,1,0
19,56.3,64.6,0,5,2,4,0,0
16,81.7,97.8,0,2,0,2,0,0
19,100.0,93.1,3,3,4,1,1,0
17,88.4,51.2,2,4,2,1,1,1
20,78.4,81.6,2,2,5,2,2,1
18,79.4,82.0,0,4,3,2,3,0
23,34.3,80.6,2,3,0,4,1,0
19,73.6,78.0,0,0,3,1,1,1
16,58.6,82.6,1,3,1,1,1,0
16,82.0,100.0,1,6,1,4,1,0
25,76.1,59.0,0,2,1,2,0,1
18,67.0,51.9,1,3,4,4,0,0
24,81.7,85.7,0,1,2,5,2,0
22,81.5,32.3,0,4,3,5,0,1
17,100.0,83.1,2,5,1,3,1,0
24,90.3,79.5,0,3,2,2,1,1
25,83.3,23.1,0,2,2,1,0,0
17,65.8,57.3,0,6,2,1,2,0
18,63.9,100.0,2,4,1,2,2,1
25,89.0,40.9,0,4,2,3,0,0
17,77.0,74.3,0,3,3,2,2,0
18,83.7,49.9,2,2,1,8,0,0
21,94.7,55.8,0,4,5,2,2,0
24,57.3,100.0,0,3,1,2,1,1
24,100.0,72.5,1,3,2,5,1,0
22,94.5,80.3,0,1,0,2,0,0
18,49.2,67.8,1,3,0,1,1,1
19,100.0,39.7,0,5,4,3,3,0
21,84.8,46.3,2,6,4,2,1,0
20,72.8,93.6,2,1,3,5,1,0
17,87.8,73.1,0,4,4,4,3,0
21,65.3,54.6,0,4,4,2,1,0
18,88.2,69.6,3,5,3,3,1,0
23,68.1,83.2,0,5,4,7,2,0
17,100.0,79.1,0,6,2,1,3,0
16,80.9,54.6,1,6,2,6,1,1
24,89.7,38.5,1,2,3,3,1,1
18,68.2,61.9,1,4,0,0,3,0
16,92.2,92.2,0,3,4,2,0,1
22,79.8,87.1,0,2,1,1,0,0
25,58.8,78.2,2,2,4,4,1,1
20,76.4,66.6,1,1,2,2,0,0
20,100.0,59.7,1,5,2,2,1,0
16,92.9,67.0,3,3,0,2,2,1
24,74.3,85.6,1,5,4,3,0,1
22,52.0,90.2,0,4,1,1,2,0
